;Unnamed: 0.1;Unnamed: 0;COD_RH;                 GRUPO;                TITULO CAPITULO;                PAIS;                ISBN;                AÑO;                AUTORES;Unnamed: 7
0;0;0;1394;GIIRA; Ontological Model to Represent Interactive Simulation Objects;Singapur;978-981-15-4526-9;2020; CARLOS ENRIQUE MONTENEGRO MARIN, JHON FRANCINED HERRERA CUBIDES, PAULO ALONSO GAONA GARCIA, JONATHAN ENRIQUE CUSPOCA RUIZ;
1;1;1;1394;GIIRA; Trends in management of TI projects and CEO´s competences.;Reino Unido;9,7818E+12;2020; RUBEN ARISTIDES GONZALEZ CRESPO;
2;2;2;1394;GIIRA; Ontological Model to Represent Interactive Simulation Objects;Colombia;978-981-15-4525-2;2020; CARLOS ENRIQUE MONTENEGRO MARIN;
3;3;3;1394;GIIRA; IOT Quality of Service Based in Link Channel Optimization in Wireless Sensor Networks;China;978-1-5386-8543-3;2018; CARLOS ENRIQUE MONTENEGRO MARIN;
4;4;4;1394;GIIRA; IOT Quality of Service Based in Link Channel Optimization in Wireless Sensor Networks;China;978-1-5386-8543-3;2018; CARLOS ENRIQUE MONTENEGRO MARIN;
5;5;5;1394;GIIRA; Fuzzy logic-based model for the prevention of structural fires on urban buildings using mobile devices and IoTtechnologies;China;978-1-5386-8543-3;2018; CARLOS ENRIQUE MONTENEGRO MARIN;
6;6;6;1394;GIIRA; IOT System for Self-diagnosis of Heart Diseases Using Mathematical Evaluation of Cardiac Dynamics Based on Probability Theory;Colombia;978-1-5090-1226-8;2018; CARLOS ENRIQUE MONTENEGRO MARIN;
7;7;7;1394;GIIRA; Proposal of a computational intelligence prediction model based on internet of things technologies;Colombia;978-1-5386-8543-3;2018; CARLOS ENRIQUE MONTENEGRO MARIN;
8;8;8;1394;GIIRA; Fuzzy logic-Based Model for the prevention of structural fires on urban building using mobile devices and IoT technologies.;Colombia;978-1-5386-8543-3;2018; CARLOS ENRIQUE MONTENEGRO MARIN;
9;9;9;1394;GIIRA; Desing Computational model for organizational learning in research and development centers (R&D);Colombia;978-3-030-03927-1;2018; CARLOS ENRIQUE MONTENEGRO MARIN;
10;10;10;1394;GIIRA; IOT quality of service based in link channel optimization in wireless sensors network;Colombia;978-1-5386-8543-3;2018; CARLOS ENRIQUE MONTENEGRO MARIN;
11;11;11;1394;GIIRA; VACIT: Tool for Consumption, Analysis and Machine Learning for LOD Resources on CKAN Instances Tipo de producto;Colombia;978-1-5090-1226-8;2018; CARLOS ENRIQUE MONTENEGRO MARIN;
12;12;12;1394;GIIRA; A proposal to a decision support system with learning analytics;España;978-1-5386-2957-4;2017; CARLOS ENRIQUE MONTENEGRO MARIN;
13;13;13;1394;GIIRA; Strategic Reuse of Software Designs using Stable Logical Infrastructures;Estados Unidos;1-60876-972-0;2017; RUBEN ARISTIDES GONZALEZ CRESPO;
14;14;14;1394;GIIRA; Knowledge Management Model for Project Management: KM+PMTIC;Estados Unidos;9,78154E+12;2016; RUBEN ARISTIDES GONZALEZ CRESPO;
15;15;15;1394;GIIRA; User Experiences in Virtual Reality Environments Navigation Based on Simple Knowledge Organization Systems;Singapur;9,78303E+12;2016; CARLOS ENRIQUE MONTENEGRO MARIN, PAULO ALONSO GAONA GARCIA;
16;16;16;1394;GIIRA; Metric LMS: Educational evaluation platforms;Colombia;978-1-5090-1226-8;2016; CARLOS ENRIQUE MONTENEGRO MARIN;
17;17;17;1394;GIIRA; enerGyPU and enerGyPhi Monitor for Power Consumption and Performance Evaluation on Nvidia Tesla GPU and Intel Xeon Phi;Colombia;978-1-5090-2453-7;2016; CARLOS ENRIQUE MONTENEGRO MARIN;
18;18;18;1394;GIIRA; A module development to manage bibliography in moodle;Estados Unidos;978-1-4799-4428-6;2014; CARLOS ENRIQUE MONTENEGRO MARIN;
19;19;19;1394;GIIRA; Applying visualization techniques to develop interfaces for educational repositories: the case of Organic.Lingua and VOA3R;Alemania;978-3-8325-340;2013; PAULO ALONSO GAONA GARCIA;
20;20;20;1394;GIIRA; Metamodels Construction Based on the Definition of Domain Ontologies;Estados Unidos;9,78147E+12;2012; CARLOS ENRIQUE MONTENEGRO MARIN;
21;21;21;1394;GIIRA; Análisis de cobertura del tesauro AAT en la biblioteca digital Europeana: ideas preliminares para su empleo en la educación;España;978-607-95446-2-1;2012; PAULO ALONSO GAONA GARCIA;
22;22;22;1394;GIIRA; Workflow for the definition of a semantic model and for the identification of trust levels about learning objects on LCMS platforms;España;978-607-95446-0-7;2010; PAULO ALONSO GAONA GARCIA;
23;23;23;3869;Grupo de Investigación en Ingeniería Civil Universidad Distrital -GIICUD-; Cosificación en el Siglo XXI;Colombia;9,78959E+12;2019; JUAN CARLOS GARCIA UBAQUE, ANDREA CAROLINA BAUTISTA BARRERA, PAULA FERNANDA GARCIA BENITEZ;
24;24;24;3869;Grupo de Investigación en Ingeniería Civil Universidad Distrital -GIICUD-; Estrategias de Anticosificación;Colombia;9,78959E+12;2019; JUAN CARLOS GARCIA UBAQUE, ALDEMAR BAUTISTA OTERO, FRED MANRIQUE ABRIL;
25;25;25;3869;Grupo de Investigación en Ingeniería Civil Universidad Distrital -GIICUD-; Entre el Romanticismo Religioso y el Apocalipsis Filosófico;Colombia;9,78959E+12;2019; JUAN CARLOS GARCIA UBAQUE, ALDEMAR BAUTISTA OTERO, FRED MANRIQUE ABRIL;
26;26;26;983;Grupo de Investigación Internacional en Informática, Comunicación y Gestión del Conocimiento; Propuesta metodológica para la caracterización de los egresados de los programas de ingeniería industrial en el sector productivo. Caso de estudio: capítulo Redin Bogotá;Colombia;9,78959E+12;2020; CLAUDIA CONSTANZA JIMENEZ CARRANZA, MIGUEL ANGEL OSPINA USAQUEN, ALEXANDER REYES MORENO, PEDRO SANCHEZ CAIMAN, GUSTAVO ADOLFO NEIRA GONZALEZ, BEATRIZ LORENA RODRIGUEZ MONTENEGRO;
27;27;27;983;Grupo de Investigación Internacional en Informática, Comunicación y Gestión del Conocimiento; LA FORMACIÓN DE PROFESORES INCLUSIVOS: EL CASO DE LA UNIVERSIDAD DISTRITAL FRANCISCO JOSÉ DE CALDAS EN BOGOTÁ D.C. - COLOMBIA;España;978-84-1324-591-1;2020; ALEXIS ADAMY ORTIZ MORALES;
28;28;28;983;Grupo de Investigación Internacional en Informática, Comunicación y Gestión del Conocimiento; La formación de profesores inclusivos: el caso de la Universidad Distrital Francisco José de Caldas en Bogotá D.C. ¿ Colombia.;España;978-84-1324-591-1;2020; ALEXIS ADAMY ORTIZ MORALES;
29;29;29;983;Grupo de Investigación Internacional en Informática, Comunicación y Gestión del Conocimiento; An Agent-Based Model to Identify Migration Pathways of Refugees: The Case of Syria;Canadá;978-3-319-65993-0;2017; MAGDA LILIANA PEREZ CASTRO;
30;30;30;983;Grupo de Investigación Internacional en Informática, Comunicación y Gestión del Conocimiento; Detección de Bordes Usando una Cell Matrix con una Nueva Arquitectura de Célula;Cuba;978-959-312-025-8;2015; ANDRES CAMILO JIMENEZ ALVAREZ, JOHN PETEARSON ANZOLA ANZOLA;
31;31;31;983;Grupo de Investigación Internacional en Informática, Comunicación y Gestión del Conocimiento; Metamodels Construction Based on the Definition of Domain Ontologies;Reino Unido;1466624949;2012; RUBEN ARISTIDES GONZALEZ CRESPO;
32;32;32;983;Grupo de Investigación Internacional en Informática, Comunicación y Gestión del Conocimiento; Improving Cognitive Load On Students With Disabilities Through Software Aids;Colombia;978-1-6135-0192-4;2011; RUBEN ARISTIDES GONZALEZ CRESPO;
33;33;33;983;Grupo de Investigación Internacional en Informática, Comunicación y Gestión del Conocimiento; Rough Clustering with Partial Supervision;Alemania;978-3-540-89920-4;2009; RAFAEL FALCON, RAFAEL ESTEBAN BELLO PEREZ;
34;34;34;983;Grupo de Investigación Internacional en Informática, Comunicación y Gestión del Conocimiento; Mechanisms of Partial Supervision in Rough Clustering Approaches;Alemania;978-3-642-02961-5;2009; RAFAEL ESTEBAN BELLO PEREZ;
35;35;35;983;Grupo de Investigación Internacional en Informática, Comunicación y Gestión del Conocimiento; Rough Sets and Evolutionary Computation to Solve the Feature Selection Problem;Alemania;978-3-540-89920-4;2009; RAFAEL ESTEBAN BELLO PEREZ;
36;36;36;983;Grupo de Investigación Internacional en Informática, Comunicación y Gestión del Conocimiento; Image/Video Compression with Artificial Neural Networks;España;978-3-642-02481-8;2009; RUBEN ARISTIDES GONZALEZ CRESPO;
37;37;37;983;Grupo de Investigación Internacional en Informática, Comunicación y Gestión del Conocimiento; Rough Set Approach to Video Deinterlacing Systens;Alemania;978-3-540-76972-9;2008; RAFAEL ESTEBAN BELLO PEREZ;
38;38;38;983;Grupo de Investigación Internacional en Informática, Comunicación y Gestión del Conocimiento; Feature Selection Through Dynamic Mesh Optimization;Alemania;978-3-540-85919-2;2008; RAFAEL ESTEBAN BELLO PEREZ;
39;39;39;983;Grupo de Investigación Internacional en Informática, Comunicación y Gestión del Conocimiento; Rough Set Theory Measures for Quality Assessment of a Training Set;Alemania;978-3-540-76972-9;2007; RAFAEL ESTEBAN BELLO PEREZ;
40;40;40;983;Grupo de Investigación Internacional en Informática, Comunicación y Gestión del Conocimiento; Two new feature selection algorithms with Rough set theory.;Estados Unidos;978-0-387-34654-0;2006; RAFAEL ESTEBAN BELLO PEREZ;
41;41;41;983;Grupo de Investigación Internacional en Informática, Comunicación y Gestión del Conocimiento; Improving the k-NN method: Rough set in edit training set.;Estados Unidos;978-0-387-34655-7;2006; RAFAEL ESTEBAN BELLO PEREZ;
42;42;42;983;Grupo de Investigación Internacional en Informática, Comunicación y Gestión del Conocimiento; Técnicas de Análisis y Diseño Orientado a Objetos.;España;0;2006; OSCAR SANJUAN MARTINEZ;
43;43;43;983;Grupo de Investigación Internacional en Informática, Comunicación y Gestión del Conocimiento; WSEAS Transactions on Computers;Inglaterra;1109-2750;2006; JAVIER PARRA FUENTE;
44;44;44;983;Grupo de Investigación Internacional en Informática, Comunicación y Gestión del Conocimiento; Herramientas CASE;España;0;2006; OSCAR SANJUAN MARTINEZ;
45;45;45;983;Grupo de Investigación Internacional en Informática, Comunicación y Gestión del Conocimiento; Modelos y procedimientos de aprendizaje basados en la Soft Computing.;España;84-9747-034-6;2004; RAFAEL ESTEBAN BELLO PEREZ;
46;46;46;883;Grupo de Compatibilidad e Interferencia Electromagnética GCEM; Capacidades tecnológicas necesarias para el montaje de una subestación de doble barra, barra principal y barra de reserva mas by pass;Portugal;978-1-939982-44-5;2019; EVY FERNANDA TAPIAS FORERO;
47;47;47;883;Grupo de Compatibilidad e Interferencia Electromagnética GCEM; Activos tecnológicos para mejorar el despacho ideal de una red eléctrica utilizando matri de Mckensey y la herramienta lingrag de matlab;México;978-1-939982-44-5;2019; EVY FERNANDA TAPIAS FORERO;
48;48;48;883;Grupo de Compatibilidad e Interferencia Electromagnética GCEM; Activos tecnológicos para mejorar el despacho ideal de una red eléctrica utilizando matriz de Mckinsey y la herramienta Linprog de Matlab.;Colombia;9,78194E+12;2019; EVY FERNANDA TAPIAS FORERO;
49;49;49;883;Grupo de Compatibilidad e Interferencia Electromagnética GCEM; Comunicaciones, monitoreo y procesamiento digital de señales en microrredes;Colombia;978-958-8897-79-0;2015; HERBERT ENRIQUE ROJAS CUBIDES, ELVIS EDUARDO GAONA GARCIA, EDWIN RIVAS TRUJILLO;
50;50;50;883;Grupo de Compatibilidad e Interferencia Electromagnética GCEM; Calidad de potencia en microrredes;Colombia;978-958-8897-79-0;2015; ADOLFO ANDRES JARAMILLO MATTA, OSCAR DAVID FLOREZ CEDIEL, EDWIN RIVAS TRUJILLO, HERBERT ENRIQUE ROJAS CUBIDES;
51;51;51;883;Grupo de Compatibilidad e Interferencia Electromagnética GCEM; Gestión de la energía en microrredes;Colombia;978-958-8897-79-0;2015; FRANCISCO SANTAMARIA PIEDRAHITA, HERBERT ENRIQUE ROJAS CUBIDES;
52;52;52;883;Grupo de Compatibilidad e Interferencia Electromagnética GCEM; Methodology for Vibration Signal Processing of an On-load Tap Changer;Croacia;978-953-307-209-8;2011; EDWIN RIVAS TRUJILLO, JUAN CARLOS BURGOS DIAZ, JUAN CARLOS GARCIA PRADA;
53;53;53;871;Laboratorio de Investigación en Fuentes Alternativas de Energía (LIFAE); Vehiculos Eléctricos;Colombia;978-958-8897-79-0;2016; ADOLFO ANDRES JARAMILLO MATTA;
54;54;54;871;Laboratorio de Investigación en Fuentes Alternativas de Energía (LIFAE); Calidad de Potencia en Microrredes;Colombia;978-958-8897-79-0;2016; ADOLFO ANDRES JARAMILLO MATTA;
55;55;55;871;Laboratorio de Investigación en Fuentes Alternativas de Energía (LIFAE); The Chemistry and Physics of Dye-Sensitized Solar Cells;Croacia;978-953-307-735-2;2011; JOHANN ALEXANDER HERNANDEZ MORA, WILLIAM ANDRES VALLEJO LOZADA, CESAR QUINONES SEGURA;
56;56;56;871;Laboratorio de Investigación en Fuentes Alternativas de Energía (LIFAE); Fuzzy Maximum Power Point Tracking Techniques Applied to a Grid-Connected Photovoltaic System;Croacia;978-953-307-543-3;2011; JOHANN ALEXANDER HERNANDEZ MORA, NELSON DIAZ ALDANA;
57;57;57;871;Laboratorio de Investigación en Fuentes Alternativas de Energía (LIFAE); Fuzzy Maximum Power Point Tracking Techniques Applied to a Grid-Connected Photovoltaic System;Croacia;978-953-307-543-3;2011; NELSON LEONARDO DIAZ ALDANA, JOHANN HERNANDEZ, OSCAR DUARTE VELASCO;
58;58;58;871;Laboratorio de Investigación en Fuentes Alternativas de Energía (LIFAE); Local and Remote Techniques for Islanding Detection in Distributed Generators;Croacia;978-953-307-046-9;2010; CESAR LEONARDO TRUJILLO RODRIGUEZ, DAVID VELASCO DE LA FUENTE, EMILIO FIGUERES AMOROS, GABRIEL GARCERA SANFELIU;
59;59;59;871;Laboratorio de Investigación en Fuentes Alternativas de Energía (LIFAE); General Inverse Neural Current Control for Buck Converter;Estados Unidos;978-1-4020-8736-3;2008; JOSE GUILLERMO GUARNIZO MARIN, CESAR LEONARDO TRUJILLO RODRIGUEZ, JAVIER GUACANEME MORENO;
60;60;60;8838;GIDENUTAS; Capítulo 4. Propuesta de diseño de un sistema fotovoltaico para el aeropuerto José María Córdova de Rionegro;Colombia;9,78959E+12;2019; EDGAR LEONARDO GOMEZ GOMEZ, JOSE DAVID GOMEZ GIL;
61;61;61;8838;GIDENUTAS; Discrete Wavelet Transform in Compression and Filtering of Biomedical Signals;Croacia;978-953-307-654-6;2011; LUIS FERNANDO PEDRAZA MARTINEZ, ANDRES GAONA, DORA MARIA BALLESTEROS LARROTTA;
62;62;62;13887;Comercio Electronico en Colombia - GICOECOL; Design and Application of a Creative Strategy Based on the Method of Problem-Based Learning (PBL) in Engineering Students;Eslovaquia;978-3-319-95522-3;2018; GIOVANNY MAURICIO TARAZONA BERMUDEZ, LEONARDO EMIRO CONTRERAS BRAVO, JOSE IGNACIO RODRIGUEZ MOLANO;
63;63;63;13887;Comercio Electronico en Colombia - GICOECOL; Exploring data by PCA and k-means for IEEE Xplore digital library;Alemania;978-1-4503-4064-9;2016; JOHN PETEARSON ANZOLA ANZOLA, LUZ ANDREA RODRIGUEZ ROJAS, GIOVANNY MAURICIO TARAZONA BERMUDEZ;
64;64;64;13887;Comercio Electronico en Colombia - GICOECOL; Corrupción praáctica anti humana: una perspectiva jurídica;Colombia;9,78959E+12;2016; LEONEL GUSTAVO CACERES CACERES;
65;65;65;13887;Comercio Electronico en Colombia - GICOECOL; Exploring Data by PCA and K-means for IEEE Xplore Digital Library;Alemania;978-1-4503-4064-9;2016; GIOVANNY MAURICIO TARAZONA BERMUDEZ, JOHN PETEARSON ANZOLA ANZOLA, LUZ ANDREA RODRIGUEZ ROJAS, LUZ ANDREA RODRIGUEZ ROJAS;
66;66;66;13887;Comercio Electronico en Colombia - GICOECOL; MUSPEL: Generation of applications to interconnect heterogeneous objects using model-driven engineering;España;978-1-4666-6360-2;2014; CRISTIAN GONZALEZ GARCIA;
67;67;67;13887;Comercio Electronico en Colombia - GICOECOL; Solución B2B para el Mercado Latinoamericano;Portugal;978-989-96247-9-5;2013; JOSE IGNACIO PALACIOS OSMA;
68;68;68;13887;Comercio Electronico en Colombia - GICOECOL; Model-driven engineering for Electronic Commerce;Estados Unidos;9,78147E+12;2013; GIOVANNY MAURICIO TARAZONA BERMUDEZ, LUZ ANDREA RODRIGUEZ ROJAS;
69;69;69;13887;Comercio Electronico en Colombia - GICOECOL; Using model-driven architecture principles to generate applications based on interconnecting smart objects and sensors;España;9,78147E+12;2013; CRISTIAN GONZALEZ GARCIA;
70;70;70;13887;Comercio Electronico en Colombia - GICOECOL; Lineamientos para la construcción de un modelo educativo para la Facultad de Ingeniería;Colombia;978-958-8832-32-6;2013; JOSE IGNACIO PALACIOS OSMA;
71;71;71;13887;Comercio Electronico en Colombia - GICOECOL; Using Model-Driven Architecture Principles to Generate Applications Based on Interconnecting Smart Objects and Sensors;España;	9781466644953-14666;2013; CRISTIAN GONZALEZ GARCIA;
72;72;72;13887;Comercio Electronico en Colombia - GICOECOL; Model- Driven Ingineering for Electronic Commerce;Estados Unidos;9,78147E+12;2013; GIOVANNY MAURICIO TARAZONA BERMUDEZ, LUZ ANDREA RODRIGUEZ ROJAS;
73;73;73;13887;Comercio Electronico en Colombia - GICOECOL; Arquitectura de Datos Abiertos integrada a Inteligencia de negocios para Vigilancia de Salud Laboral;Colombia;978-989-98434-0-0;2013; LUZ ANDREA RODRIGUEZ ROJAS, CARLOS ENRIQUE MONTENEGRO MARIN, JUAN MANUEL CUEVA LOVELLE;
74;74;74;13887;Comercio Electronico en Colombia - GICOECOL; A Knowledge Management Model Applied to Health Tourism in Colombia;España;978-3-642-30866-6;2012; GIOVANNY MAURICIO TARAZONA BERMUDEZ, LUZ ANDREA RODRIGUEZ ROJAS;
75;75;75;13887;Comercio Electronico en Colombia - GICOECOL; Improving Cognitive Load on Students with Disabilities Through Software Aids;Estados Unidos;978-1-6135-0192-4;2012; VICENTE GARCIA DIAZ;
76;76;76;13887;Comercio Electronico en Colombia - GICOECOL; Emergent Ontologies by collaborative tagging for Knowledge Management;España;9,78147E+12;2012; JOSE MARIA ALVAREZ RODRIGUEZ;
77;77;77;879;LABORATORIO DE AUTOMATICA, E INTELIGENCIA COMPUTACIONAL ( LAMIC); A Comparison of Some t-Norms and t-Conorms over the Steady State of a Fuzzy Markov Chain;;978-3-030-40814-5;2020; JUAN CARLOS FIGUEROA GARCIA;
78;78;78;879;LABORATORIO DE AUTOMATICA, E INTELIGENCIA COMPUTACIONAL ( LAMIC); Fuzzy Worlds and the Quest for Modeling Complex-Adaptive Systems;Estados Unidos;978-3-030-35445-9;2020; MIGUEL MELGAREJO MELGAREJO;
79;79;79;879;LABORATORIO DE AUTOMATICA, E INTELIGENCIA COMPUTACIONAL ( LAMIC); Time Series from Clustering: An Approach to Forecast Crime Patterns;Inglaterra;978-1-78985-420-6;2019; CRISTIAN DAVID RODRIGUEZ RODRIGUEZ, DIEGO FELIPE MAYORGA GOMEZ, MIGUEL MELGAREJO MELGAREJO, NELSON OBREGON;
80;80;80;879;LABORATORIO DE AUTOMATICA, E INTELIGENCIA COMPUTACIONAL ( LAMIC); Towards a Deep Learning Approach for Urban Crime Forecasting;Estados Unidos;9,78303E+12;2019; ANDREY FAJARDO, FREDDY HUMBERTO PIRAJAN OVALLE, MIGUEL MELGAREJO MELGAREJO;
81;81;81;879;LABORATORIO DE AUTOMATICA, E INTELIGENCIA COMPUTACIONAL ( LAMIC); A Note on the Centroid, Yager Index and Sample Mean for Fuzzy Numbers;Alemania;978-3-030-21920-8;2019; JUAN CARLOS FIGUEROA GARCIA;
82;82;82;879;LABORATORIO DE AUTOMATICA, E INTELIGENCIA COMPUTACIONAL ( LAMIC); A Note on the Centroid, Yager Index and Sample Mean for Fuzzy Numbers;Estados Unidos;978-3-030-21919-2;2019; JUAN CARLOS FIGUEROA GARCIA, MIGUEL MELGAREJO MELGAREJO, JAIRO SORIANO;
83;83;83;879;LABORATORIO DE AUTOMATICA, E INTELIGENCIA COMPUTACIONAL ( LAMIC); On Computing the Variance of a Fuzzy Number;Colombia;978-3-030-03023-0;2018; JUAN CARLOS FIGUEROA GARCIA, MIGUEL MELGAREJO MELGAREJO, JAIRO SORIANO;
84;84;84;879;LABORATORIO DE AUTOMATICA, E INTELIGENCIA COMPUTACIONAL ( LAMIC); On Computing the Variance of a Fuzzy Number;Alemania;978-3-030-03023-0;2018; JUAN CARLOS FIGUEROA GARCIA;
85;85;85;879;LABORATORIO DE AUTOMATICA, E INTELIGENCIA COMPUTACIONAL ( LAMIC); Foraging Multi-Agent System Simulation Based on Attachment Theory;Colombia;978-3-319-10758-5;2015; FERNEY BELTRAN VELANDIA, CARLOS ALBERTO RIVEROS, MIGUEL MELGAREJO MELGAREJO, NADYA GONZALEZ ROMERO, NELSON OBREGON;
86;86;86;879;LABORATORIO DE AUTOMATICA, E INTELIGENCIA COMPUTACIONAL ( LAMIC); Fuzzy Control of Spacecraft Attitude by Fuzzy Inference System Based on Boolean Relations (FIS-BB);Colombia;1-4799-4562-5;2014; JOSE JAIRO SORIANO MENDEZ, OMAR SALAZAR MORALES;
87;87;87;879;LABORATORIO DE AUTOMATICA, E INTELIGENCIA COMPUTACIONAL ( LAMIC); Linear Programming with Interval Type-2 Fuzzy Constraints;Alemania;978-3-319-04279-4;2014; JUAN CARLOS FIGUEROA GARCIA;
88;88;88;879;LABORATORIO DE AUTOMATICA, E INTELIGENCIA COMPUTACIONAL ( LAMIC); Generating embedded type-1 fuzzy sets by means of convex combination;Colombia;978-1-4799-0348-1;2013; JOSE JAIRO SORIANO MENDEZ;
89;89;89;879;LABORATORIO DE AUTOMATICA, E INTELIGENCIA COMPUTACIONAL ( LAMIC); Interval Type-2 Fuzzy Markov Chains;Alemania;978-1-4614-6665-9;2013; JUAN CARLOS FIGUEROA GARCIA;
90;90;90;879;LABORATORIO DE AUTOMATICA, E INTELIGENCIA COMPUTACIONAL ( LAMIC); Enhancing Fuzzy Controllers Using Generalized Orthogonality Principle;Croacia;978-953-51-0759-0;2012; JUAN CARLOS FIGUEROA GARCIA;
91;91;91;879;LABORATORIO DE AUTOMATICA, E INTELIGENCIA COMPUTACIONAL ( LAMIC); Incomplete time series: imputation through Genetic Algorithms;Alemania;978-3-642-33438-2;2012; JUAN CARLOS FIGUEROA GARCIA;
92;92;92;879;LABORATORIO DE AUTOMATICA, E INTELIGENCIA COMPUTACIONAL ( LAMIC); An Embedded Type-2 Fuzzy Controller for a Mobile Robot Application;Croacia;978-953-307-909-7;2011; LEONARDO LEOTTAU FORERO, MIGUEL MELGAREJO MELGAREJO;
93;93;93;879;LABORATORIO DE AUTOMATICA, E INTELIGENCIA COMPUTACIONAL ( LAMIC); Missing Data Imputation in Time Series by Evolutionary Algorithms;China;978-3-540-85983-3;2008; JUAN CARLOS FIGUEROA GARCIA;
94;94;94;879;LABORATORIO DE AUTOMATICA, E INTELIGENCIA COMPUTACIONAL ( LAMIC); A Simulation Study on Fuzzy Markov Chains;China;978-3-540-85929-1;2008; JUAN CARLOS FIGUEROA GARCIA;
95;95;95;879;LABORATORIO DE AUTOMATICA, E INTELIGENCIA COMPUTACIONAL ( LAMIC); A fuzzy logic approach to test statistical hypothesis on means;Alemania;978-3-540-85984-0;2008; JOSE JAIRO SORIANO MENDEZ, FIGUEROA JUAN CARLOS;
96;96;96;879;LABORATORIO DE AUTOMATICA, E INTELIGENCIA COMPUTACIONAL ( LAMIC); A Fuzzy Logic Approach to Test Statistical Hypothesis on Means;China;978-3-540-85983-3;2008; JUAN CARLOS FIGUEROA GARCIA;
97;97;97;879;LABORATORIO DE AUTOMATICA, E INTELIGENCIA COMPUTACIONAL ( LAMIC); Fuzzy controller for MIMO systems using Defuzzification Based on Boolean Relations (DBR);Estados Unidos;0-7803-9158-6;2005; JOSE JAIRO SORIANO MENDEZ;
98;98;98;879;LABORATORIO DE AUTOMATICA, E INTELIGENCIA COMPUTACIONAL ( LAMIC); A type 2 Fuzzy Controller for Tracking Mobile Object in the Robotic Soccer Games;Colombia;0-7803-9158-6;2005; JOSE JAIRO SORIANO MENDEZ;
99;99;99;879;LABORATORIO DE AUTOMATICA, E INTELIGENCIA COMPUTACIONAL ( LAMIC); Control predictivo aplicado a modelos difusos tipo Takagi-Sugeno;Colombia;958-695-158-8;2005; ALAIN GAUTHIER, VICTOR HUGO GRISALES PALACIO, IVAN CASTILLO;
100;100;100;879;LABORATORIO DE AUTOMATICA, E INTELIGENCIA COMPUTACIONAL ( LAMIC); Robust agglomerative clustering algorithm for fuzzy modelling purposes;Estados Unidos;0-7803-8335-4;2004; JOSE JAIRO SORIANO MENDEZ;
101;101;101;879;LABORATORIO DE AUTOMATICA, E INTELIGENCIA COMPUTACIONAL ( LAMIC); Fuzzy Logic, Frecuency Domain Singleton Fuzzification;Estados Unidos;078037892X;2003; ALVARO BETANCOURT USCATEGUI, MELGAREJO MIGUEL, LOPEZ SAMUEL, VILLABONA MAURICIO;
102;102;102;858;NIDE - Nucleo de Investigación en Datos Espaciales; Synergies between geographical thinking, citizen training and virtual education, for the understanding-management of problems of the society-territory complex;Colombia;978-625-00-0455-5;2021; CARLOS HERNAN CASTRO ORTEGA;
103;103;103;858;NIDE - Nucleo de Investigación en Datos Espaciales; Colombia: entre la nefasta gestión de la pandemia Covid-19 y la crisis socio-económica y política antecedida;Brasil;978-65-87621-25-8;2020; JOHAN ANDRES AVENDANO ARIAS;
104;104;104;858;NIDE - Nucleo de Investigación en Datos Espaciales; Diseño, Desarrollo e implementación de un Sistema de Información Geográfica para los materiales del Atlas lingüístico-etnográfico de Colombia;Colombia;9,78959E+12;2019; JULIO ALEXANDER BERNAL CHAVEZ, LUZ ANGELA ROCHA SALAMANCA;
105;105;105;858;NIDE - Nucleo de Investigación en Datos Espaciales; On the Design of a Modern and Generic Approach to Land Registration: The Colombia Experience;Dinamarca;978-87-92853-92-9;2019; JAVIER MARCELINO MORALES GUARIN, ALVARO ENRIQUE ORTIZ DAVILA;
106;106;106;858;NIDE - Nucleo de Investigación en Datos Espaciales; Geografía económica;Colombia;978-958-783-593-9;2018; HECTOR JAVIER FUENTES LOPEZ;
107;107;107;858;NIDE - Nucleo de Investigación en Datos Espaciales; El aporte de las imagenes adquiridas mediante vehículosaereos no tripulados en la fusion de imagenes para la deteccion de cambios en analisis multitemporales usando la transformada de wavelet;España;9,78849E+12;2017; RUBEN JAVIER MEDINA DAZA;
108;108;108;858;NIDE - Nucleo de Investigación en Datos Espaciales; Aplicativo de escritorio para la determinacion de Solidos en Suspension Totales usando imagenes satelitales MODIS MYD09 y MOD09;España;9,78849E+12;2017; RUBEN JAVIER MEDINA DAZA, IVAN DARIO CARRILLO DURAN;
109;109;109;858;NIDE - Nucleo de Investigación en Datos Espaciales; Prototype of learning management system, for the administration of contents and processes, in the teaching of geography with engineering students;España;978-84-16989-78-2;2017; CARLOS HERNAN CASTRO ORTEGA;
110;110;110;858;NIDE - Nucleo de Investigación en Datos Espaciales; Evaluación de la fusión de imágenes satelitales WorldView-2 usando la Transformada Wavelet Daubechies Assessment of WorldView-2 satellite-image fusion using Daubechies Wavelet Transform;Portugal;978-898-98434-5-5;2015; RUBEN JAVIER MEDINA DAZA;
111;111;111;858;NIDE - Nucleo de Investigación en Datos Espaciales; Evolutionary optimization of spatial sampling networks designed for the monitoring of soil organic carbon;Estados Unidos;978-3-319-04083-7;2014; ALI SANTACRUZ DELGADO, YOLANDA RUBIANO, CARLOS EDUARDO MELO MARTINEZ;
112;112;112;858;NIDE - Nucleo de Investigación en Datos Espaciales; Colombia: Development of a Prototype Web-based GIS Application for Teaching Geography;Estados Unidos;978-94-007-2119-7;2012; LUZ ANGELA ROCHA SALAMANCA, NATALIA ANDREA DIAZ VEGA;
113;113;113;858;NIDE - Nucleo de Investigación en Datos Espaciales; Segmentation of Remotely Sensed Imagery: Moving from Sharp Objects to Fuzzy Regions;Inglaterra;978-953-307-228-9;2011; IVAN LIZARAZO SALCEDO;
114;114;114;858;NIDE - Nucleo de Investigación en Datos Espaciales; EFECTO WILSON - BAPPU: UN METODO DE DETERMINACION DE DISTANCIA ESTELAR;Colombia;958-714-180-6;2008; HERNAN ENRIQUE GARRIDO VERTEL;
115;115;115;858;NIDE - Nucleo de Investigación en Datos Espaciales; Fuzzy Regions for Handling Uncertainty in Remote Sensing Image Segmentation;Alemania;0;2008; IVAN LIZARAZO SALCEDO;
116;116;116;858;NIDE - Nucleo de Investigación en Datos Espaciales; Plan de Manejo Ambiental del complejo de Ciénagas El Totum,o, Guájaro y El Jobo en la ecorregión estratégica del Canal del Dique;Colombia;0;2002; CLAUDIA BERENICE ROJAS RINCON;
117;117;117;9868;MULTIMEDIA INTERACTIVA Y ANIMACIÓN DIGITAL; Gamification: Preserving Cultural Heritage Through Immersive Scenarios and Second Language Strengthening;Colombia;978-981-33-4256-9;2022; CARLOS ENRIQUE MONTENEGRO MARIN, PAULO ALONSO GAONA GARCIA;
118;118;118;9868;MULTIMEDIA INTERACTIVA Y ANIMACIÓN DIGITAL; Application of Smart Contracts in Online Product Procurement;Colombia;978-981-16-9271-0;2022; CARLOS ENRIQUE MONTENEGRO MARIN, PAULO ALONSO GAONA GARCIA;
119;119;119;9868;MULTIMEDIA INTERACTIVA Y ANIMACIÓN DIGITAL; Time Series for Evaluation of Performance Metrics as of Interaction with an AR-Sandbox Using Brain Computer Interfaces;Colombia;978-3-030-96292-0;2022; PAULO ALONSO GAONA GARCIA, CARLOS ENRIQUE MONTENEGRO MARIN, ANDRES OVIDIO RESTREPO RODRIGUEZ;
120;120;120;9868;MULTIMEDIA INTERACTIVA Y ANIMACIÓN DIGITAL; Decentralized Application for the Classification of Products Based on IPFS and Blockchain;Alemania;978-981-16-3411-6;2022; CARLOS ENRIQUE MONTENEGRO MARIN, PAULO ALONSO GAONA GARCIA;
121;121;121;9868;MULTIMEDIA INTERACTIVA Y ANIMACIÓN DIGITAL; Decentralized Application for the Classification of Hotels Based on IPFS and Blockchain;Singapur;978-981-33-4256-9;2020; CARLOS ENRIQUE MONTENEGRO MARIN, PAULO ALONSO GAONA GARCIA;
122;122;122;9868;MULTIMEDIA INTERACTIVA Y ANIMACIÓN DIGITAL; Analysis of Low-Cost Wireless Sensors Model for Weather Monitoring Based on IoT;Singapur;978-3-030-53021-1;2020; PAULO ALONSO GAONA GARCIA;
123;123;123;9868;MULTIMEDIA INTERACTIVA Y ANIMACIÓN DIGITAL; Unique Authentication Model for the Management and Visualization of Web Components oriented to Services through LMS Platforms;Estados Unidos;9,7899E+12;2020; PAULO ALONSO GAONA GARCIA, CARLOS ENRIQUE MONTENEGRO MARIN, GEINER ALEXIS SALCEDO SALGADO;
124;124;124;9868;MULTIMEDIA INTERACTIVA Y ANIMACIÓN DIGITAL; Prediction model for energy consumption and generation based on artificial neural network;Estados Unidos;9,7899E+12;2020; PAULO ALONSO GAONA GARCIA, ELVIS EDUARDO GAONA GARCIA;
125;125;125;9868;MULTIMEDIA INTERACTIVA Y ANIMACIÓN DIGITAL; Image Recognition Model over Augmented Reality Based on Convolutional Neural Networks Through Color-Space Segmentation;Singapur;978-3-030-17795-9;2019; PAULO ALONSO GAONA GARCIA, ANDRES OVIDIO RESTREPO RODRIGUEZ, CARLOS ENRIQUE MONTENEGRO MARIN;
126;126;126;9868;MULTIMEDIA INTERACTIVA Y ANIMACIÓN DIGITAL; Segmentation Methods for Image Classification Using a Convolutional Neural Network on AR-Sandbox;Grecia;978-3-030-19823-7;2019; ANDRES OVIDIO RESTREPO RODRIGUEZ, ADRIANA CAROLINA GOMEZ ACOSTA, CARLOS ENRIQUE MONTENEGRO MARIN, DANIEL ESTEBAN CASAS MATEUS, PAULO ALONSO GAONA GARCIA;
127;127;127;9868;MULTIMEDIA INTERACTIVA Y ANIMACIÓN DIGITAL; Segmentation Methods for Image Classification Using a Convolutional Neural Network on AR-Sandbox;Grecia;978-3-319-92006-1;2019; PAULO ALONSO GAONA GARCIA, ANDRES OVIDIO RESTREPO RODRIGUEZ, CARLOS ENRIQUE MONTENEGRO MARIN;
128;128;128;9868;MULTIMEDIA INTERACTIVA Y ANIMACIÓN DIGITAL; Image Recognition Model over Augmented Reality Based on Convolutional Neural Networks Through Color-Space Segmentation;Estados Unidos;978-3-030-17795-9;2019; ANDRES OVIDIO RESTREPO RODRIGUEZ, CARLOS ENRIQUE MONTENEGRO MARIN, DANIEL ESTEBAN CASAS MATEUS, PAULO ALONSO GAONA GARCIA;
129;129;129;9868;MULTIMEDIA INTERACTIVA Y ANIMACIÓN DIGITAL; Design of a Computational Model for Organizational Learning in Research and Development Centers (R&D);Singapur;978-3-030-03927-1;2018; CARLOS ENRIQUE MONTENEGRO MARIN, PAULO ALONSO GAONA GARCIA, JOSE FERNANDO LOPEZ QUINTERO;
130;130;130;9868;MULTIMEDIA INTERACTIVA Y ANIMACIÓN DIGITAL; Model Based on Support Vector Machine for the Estimation of the Heart Rate Variability;Grecia;978-3-030-01420-9;2018; PAULO ALONSO GAONA GARCIA;
131;131;131;9868;MULTIMEDIA INTERACTIVA Y ANIMACIÓN DIGITAL; Design of a Computational Model for Organizational Learning in Research and Development Centers (R&D) ;Perú;978-3-030-03927-1;2018; CARLOS ENRIQUE MONTENEGRO MARIN, PAULO ALONSO GAONA GARCIA, JOSE FERNANDO LOPEZ QUINTERO;
132;132;132;9868;MULTIMEDIA INTERACTIVA Y ANIMACIÓN DIGITAL; 3d immersive environments to support training activities through fine motor therapy;España;978-84-09-05948-5;2018; ANDRES OVIDIO RESTREPO RODRIGUEZ, PAULO ALONSO GAONA GARCIA;
133;133;133;9868;MULTIMEDIA INTERACTIVA Y ANIMACIÓN DIGITAL; ICERI2018 Proceedings;España;978-84-09-05948-5;2018; ANDRES OVIDIO RESTREPO RODRIGUEZ, CARLOS ENRIQUE MONTENEGRO MARIN, MADDYZETH ARIZA RIANO, PAULO ALONSO GAONA GARCIA;
134;134;134;9868;MULTIMEDIA INTERACTIVA Y ANIMACIÓN DIGITAL; Security Scheme for IoT Environments in Smart Grids;Marruecos;978-3-030-03576-1;2018; PAULO ALONSO GAONA GARCIA, ELVIS EDUARDO GAONA GARCIA;
135;135;135;9868;MULTIMEDIA INTERACTIVA Y ANIMACIÓN DIGITAL; IOT System for Self-diagnosis of Heart Diseases Using Mathematical Evaluation of Cardiac Dynamics Based on Probability Theory;Marruecos;978-3-030-03576-1;2018; CARLOS ENRIQUE MONTENEGRO MARIN, PAULO ALONSO GAONA GARCIA;
136;136;136;9868;MULTIMEDIA INTERACTIVA Y ANIMACIÓN DIGITAL; Implementation of the AODV Routing Protocol for Message Notification in a Wireless Sensor Microgrid;Suiza;9,78303E+12;2018; PAULO ALONSO GAONA GARCIA, ELVIS EDUARDO GAONA GARCIA;
137;137;137;9868;MULTIMEDIA INTERACTIVA Y ANIMACIÓN DIGITAL; Proposal of a computational intelligence prediction model based on Internet of Things technologies;China;978-1-5386-8543-3;2018; PAULO ALONSO GAONA GARCIA;
138;138;138;9868;MULTIMEDIA INTERACTIVA Y ANIMACIÓN DIGITAL; Fuzzy logic-based model for the prevention of structural fires on urban buildings using mobile devices and IoT technologies;China;978-1-5386-8543-3;2018; PAULO ALONSO GAONA GARCIA;
139;139;139;9868;MULTIMEDIA INTERACTIVA Y ANIMACIÓN DIGITAL; IOT quality of service based in link channel optimization in Wireless Sensor Networks;China;978-1-5386-8543-3;2018; PAULO ALONSO GAONA GARCIA;
140;140;140;9868;MULTIMEDIA INTERACTIVA Y ANIMACIÓN DIGITAL; Cybersecurity In Microgrids;España;978-1-5386-7810-7;2018; ELVIS EDUARDO GAONA GARCIA, PAULO ALONSO GAONA GARCIA;
141;141;141;9868;MULTIMEDIA INTERACTIVA Y ANIMACIÓN DIGITAL; Usability of Big Data Resources in Visual Search Interfaces of Repositories Based on KOS;Japón;978-1-4503-6474-4;2018; PAULO ALONSO GAONA GARCIA, CARLOS ENRIQUE MONTENEGRO MARIN, ELVIS EDUARDO GAONA GARCIA, ADRIANA CAROLINA GOMEZ ACOSTA;
142;142;142;9868;MULTIMEDIA INTERACTIVA Y ANIMACIÓN DIGITAL; Evaluation of the Linked Open Data Quality Based on a Fuzzy Logic Model;Grecia;978-3-319-92006-1;2018; CARLOS ENRIQUE MONTENEGRO MARIN, PAULO ALONSO GAONA GARCIA, JHON FRANCINED HERRERA CUBIDES;
143;143;143;9868;MULTIMEDIA INTERACTIVA Y ANIMACIÓN DIGITAL; A Proposal to a Decision Support System Using Learning Analytics;España;978-1-5386-2957-4;2018; CARLOS ENRIQUE MONTENEGRO MARIN, PAULO ALONSO GAONA GARCIA;
144;144;144;9868;MULTIMEDIA INTERACTIVA Y ANIMACIÓN DIGITAL; VACIT: Tool for Consumption, Analysis and Machine Learning for LOD Resources on CKAN Instances;Marruecos;978-3-030-03576-1;2018; JHON FRANCINED HERRERA CUBIDES, PAULO ALONSO GAONA GARCIA;
145;145;145;9868;MULTIMEDIA INTERACTIVA Y ANIMACIÓN DIGITAL; Entorno web para negociación e intercambio electrónico de recursos de aprendizaje entre instituciones de educación;España;978-84-697-5239-5;2017; PAULO ALONSO GAONA GARCIA;
146;146;146;888;GRUPO ADQUISICIÓN Y REPRESENTACIÓN DEL CONOCIMIENTO - SISTEMAS EXPERTOS Y SIMULACIÓN (ARCO SES); ESTRUCTURA Y FOMENTO DE LA AUTOORGANIZACIÓN EMPRESARIAL DESDE EL CONCEPTO DE AGILIDAD;Colombia;978-958-5431-23-2;2020; LUZ ESPERANZA BOHORQUEZ AREVALO;
147;147;147;888;GRUPO ADQUISICIÓN Y REPRESENTACIÓN DEL CONOCIMIENTO - SISTEMAS EXPERTOS Y SIMULACIÓN (ARCO SES); Evaluación de rutas de personal asistencial en el cuidado a la salud domiciliaria mediante programación matemática y simulación multiagente;Colombia;9,78959E+12;2020; JULIAN ALBERTO ESPEJO DIAZ, EDUYN RAMIRO LOPEZ SANTANA, WILLIAM JAVIER GUERRERO RUEDA;
148;148;148;888;GRUPO ADQUISICIÓN Y REPRESENTACIÓN DEL CONOCIMIENTO - SISTEMAS EXPERTOS Y SIMULACIÓN (ARCO SES); Propuesta algor¿tmica para la validaci¿n de un modelo de gesti¿n de capacidades tecnol¿gicas en un caso de estudio de generadoras el¿ctricas en Colombia y M¿xico;México;978-1-939982-55-1;2020; FABIOLA SAENZ BLANCO;
149;149;149;888;GRUPO ADQUISICIÓN Y REPRESENTACIÓN DEL CONOCIMIENTO - SISTEMAS EXPERTOS Y SIMULACIÓN (ARCO SES); Propuesta metodol¿gica para determinar las capacidades tecnol¿gicas necesarias para el montaje de una subestaci¿n de doble barra, barra principal y barra de reserva m¿s by pass;México;978-1-939982-44-5;2020; FABIOLA SAENZ BLANCO;
150;150;150;888;GRUPO ADQUISICIÓN Y REPRESENTACIÓN DEL CONOCIMIENTO - SISTEMAS EXPERTOS Y SIMULACIÓN (ARCO SES); Tendencias en la toma de decisiones en ingeniería de servicios;Colombia;9,78959E+12;2019; EDUYN RAMIRO LOPEZ SANTANA, WILLIAM CAMILO RODRIGUEZ VASQUEZ, DAVID ALEJANDRO GUERRERO PIRATEQUE;
151;151;151;888;GRUPO ADQUISICIÓN Y REPRESENTACIÓN DEL CONOCIMIENTO - SISTEMAS EXPERTOS Y SIMULACIÓN (ARCO SES); Planning Methodological Framework for Humanitarian Aid System in Colombia;Colombia;9,78152E+12;2019; FEIZAR RUEDA VELASCO, KAROL VIVIANA MORENO VALBUENA, LEONARDO JOSE GONZALEZ RODRIGUEZ;
152;152;152;888;GRUPO ADQUISICIÓN Y REPRESENTACIÓN DEL CONOCIMIENTO - SISTEMAS EXPERTOS Y SIMULACIÓN (ARCO SES); Methodology for the Design of Traceability System in Food Assistance Supply Chains: Case Bienestarina, Colombia;Estados Unidos;9,78152E+12;2019; FEIZAR RUEDA VELASCO, WILSON ADARME JAIMES, ANGIE YASBLEIDY MONSALVE SALAMANCA;
153;153;153;888;GRUPO ADQUISICIÓN Y REPRESENTACIÓN DEL CONOCIMIENTO - SISTEMAS EXPERTOS Y SIMULACIÓN (ARCO SES); MODELO PARA LA GESTI¿N DE CAPACIDADES TECNOL¿GICAS EN LAS ORGANIZACIONES;México;978-1-939982-44-5;2019; FABIOLA SAENZ BLANCO;
154;154;154;888;GRUPO ADQUISICIÓN Y REPRESENTACIÓN DEL CONOCIMIENTO - SISTEMAS EXPERTOS Y SIMULACIÓN (ARCO SES); Capacidades tecnológicas necesarias para el montaje de un a subestación de doble barra, Barra principal y barra de reserva más by pass;;978-1-939982-44-5;2019; FABIOLA SAENZ BLANCO;
155;155;155;888;GRUPO ADQUISICIÓN Y REPRESENTACIÓN DEL CONOCIMIENTO - SISTEMAS EXPERTOS Y SIMULACIÓN (ARCO SES); ACTIVOS TECNOL¿GICOS ESTRETEGICOS PARA MEJORAR EL DESPACHO IDEAL DE UNA RED EL¿CTRICA UTILIZANDO MATRIZ DE MCKINSEY Y LA HERRAMIENTA LINPROG DE MATLAB;México;978-1-939982-44-5;2019; FABIOLA SAENZ BLANCO;
156;156;156;888;GRUPO ADQUISICIÓN Y REPRESENTACIÓN DEL CONOCIMIENTO - SISTEMAS EXPERTOS Y SIMULACIÓN (ARCO SES); Propuesta metodológica para determinar las capacidades tecnológicas necesarias en el montaje de una subestación electrica;México;9,78194E+12;2018; FABIOLA SAENZ BLANCO;
157;157;157;888;GRUPO ADQUISICIÓN Y REPRESENTACIÓN DEL CONOCIMIENTO - SISTEMAS EXPERTOS Y SIMULACIÓN (ARCO SES); Propuesta Metodológica para Determinar las Capacidades Tecnológicas Estratégicas Necesarias del Montaje de una Subestación Eléctrica de Transformación, con configuración Europea;México;9,78194E+12;2018; FABIOLA SAENZ BLANCO;
158;158;158;888;GRUPO ADQUISICIÓN Y REPRESENTACIÓN DEL CONOCIMIENTO - SISTEMAS EXPERTOS Y SIMULACIÓN (ARCO SES); Propuesta metodol¿gica para determinar las capacidades tecnol¿gicas estrat¿gicas necesarias del montaje de una subestaci¿n el¿ctrica de transformaci¿n, con configuraci¿n Europea de doble barra (barra principal y de transferencia);México;1946-5351;2018; FABIOLA SAENZ BLANCO;
159;159;159;888;GRUPO ADQUISICIÓN Y REPRESENTACIÓN DEL CONOCIMIENTO - SISTEMAS EXPERTOS Y SIMULACIÓN (ARCO SES); Laboratorios de aprendizaje empresarial;España;84-481-3966-6;2003; GERMAN MENDEZ GIRALDO;
160;160;160;888;GRUPO ADQUISICIÓN Y REPRESENTACIÓN DEL CONOCIMIENTO - SISTEMAS EXPERTOS Y SIMULACIÓN (ARCO SES); ADMINISTRACION Y GESTION DE LA PRODUCCION;Colombia;0;2001; GERMAN MENDEZ GIRALDO;
161;161;161;16507;ITI: Innovación en Tecnologías de Información; A BIO-INSPIRED-BASED SALP SWARM ALGORITHM ENABLED WITH DEEP LEARNING FOR ALZHEIMER'S CLASSIFICATION;Alemania;978-3-031-46813-1;2023; HECTOR ARTURO FLOREZ FERNANDEZ;
162;162;162;16507;ITI: Innovación en Tecnologías de Información; MULTIPLE COLOUR DETECTION OF RGB IMAGES USING MACHINE LEARNING ALGORITHM;Alemania;978-3-031-19647-8;2022; HECTOR ARTURO FLOREZ FERNANDEZ;
163;163;163;16507;ITI: Innovación en Tecnologías de Información; INTERNET OF THINGS WITH WEARABLE DEVICES AND ARTIFICIAL INTELLIGENCE FOR ELDERLY UNINTERRUPTED HEALTHCARE MONITORING SYSTEMS;Alemania;978-3-031-19647-8;2022; HECTOR ARTURO FLOREZ FERNANDEZ;
164;164;164;16507;ITI: Innovación en Tecnologías de Información; AESRSA: A NEW CRYPTOGRAPHY KEY FOR ELECTRONIC HEALTH RECORD SECURITY;Alemania;978-3-031-19647-8;2022; HECTOR ARTURO FLOREZ FERNANDEZ;
165;165;165;16507;ITI: Innovación en Tecnologías de Información; CEREBROSPINAL FLUID CONTAINERS NAVIGATOR. A SYSTEMATIC LITERATURE REVIEW;Alemania;978-3-031-10548-7;2022; FERNANDO YEPES CALDERON, HECTOR ARTURO FLOREZ FERNANDEZ;
166;166;166;16507;ITI: Innovación en Tecnologías de Información; ARCHITECTURAL APPROACH FOR GOOGLE SERVICES INTEGRATION;Alemania;978-3-030-89654-6;2021; HECTOR ARTURO FLOREZ FERNANDEZ;
167;167;167;16507;ITI: Innovación en Tecnologías de Información; AN EXPERIMENTAL COMPARISON OF ALGORITHMS FOR NODES CLUSTERING IN A NEURAL NETWORK OF CAENORHABDITIS;Alemania;978-3-030-87013-3;2021; JORGE EDUARDO HERNANDEZ RODRIGUEZ, HECTOR ARTURO FLOREZ FERNANDEZ;
168;168;168;16507;ITI: Innovación en Tecnologías de Información; ARTIFICIAL INTELLIGENCE AND DATA SCIENCE IN THE DETECTION, DIAGNOSIS, AND CONTROL OF COVID-19: A SYSTEMATIC MAPPING STUDY;Alemania;978-3-030-87013-3;2021; HECTOR ARTURO FLOREZ FERNANDEZ;
169;169;169;16507;ITI: Innovación en Tecnologías de Información; A COMPUTER-BASED APPROACH TO STUDY THE GAUSSIAN MOAT PROBLEM	;Alemania;978-3-030-61701-1;2020; ALEJANDRO CARDENAS AVENDANO, HECTOR ARTURO FLOREZ FERNANDEZ;
170;170;170;16507;ITI: Innovación en Tecnologías de Información; PROSTATE CANCER DIAGNOSIS AUTOMATION USING SUPERVISED ARTIFICIAL INTELLIGENCE. A SYSTEMATIC LITERATURE REVIEW	;Alemania;978-3-030-61701-1;2020; FERNANDO YEPES CALDERON, HECTOR ARTURO FLOREZ FERNANDEZ;
171;171;171;16507;ITI: Innovación en Tecnologías de Información; A SECURED PRIVATE-CLOUD COMPUTING SYSTEM;Alemania;9,78303E+12;2019; HECTOR ARTURO FLOREZ FERNANDEZ;
172;172;172;16507;ITI: Innovación en Tecnologías de Información; Manual Segmentation Errors in Medical Imaging. Proposing a Reliable Gold Standard;España;9,78303E+12;2019; FERNANDO YEPES CALDERON;
173;173;173;16507;ITI: Innovación en Tecnologías de Información; DYNAMIC INTERFACE AND ACCESS MODEL BY DEAD TOKEN FOR IOT SYSTEMS	;Alemania;9,78303E+12;2019; HECTOR ARTURO FLOREZ FERNANDEZ, JORGE EDUARDO HERNANDEZ RODRIGUEZ, KAREN GISELLE DAZA ALVARADO;
174;174;174;16507;ITI: Innovación en Tecnologías de Información; COMPARATIVE ANALYSIS OF THREE OBSTACLE DETECTION AND AVOIDANCE ALGORITHMS FOR A COMPACT DIFFERENTIAL DRIVE ROBOT I N V-REP;Alemania;9,78303E+12;2019; HECTOR ARTURO FLOREZ FERNANDEZ;
175;175;175;16507;ITI: Innovación en Tecnologías de Información; BIOINFORMATICS METHODS TO DISCOVER ANTIVIRALS AGAINST ZIKA VIRUS	;Alemania;9,78303E+12;2019; KARINA ALEJANDRA SALVATIERRA, HECTOR ARTURO FLOREZ FERNANDEZ;
176;176;176;16507;ITI: Innovación en Tecnologías de Información; HUMAN FACTORS IN AUTOMATED ANALYSIS FOR ENTERPRISE MODELS;Estados Unidos;9,7818E+12;2019; HECTOR ARTURO FLOREZ FERNANDEZ;
177;177;177;16507;ITI: Innovación en Tecnologías de Información; AUTOMATIC CODE GENERATION SYSTEM FOR TRANSACTIONAL WEB APPLICATIONS;Alemania;978-3-030-24307-4;2019; HECTOR ARTURO FLOREZ FERNANDEZ, EDWARTH ORLANDO GARCIA TOVAR, DEISY MUNOZ VARGAS;
178;178;178;16507;ITI: Innovación en Tecnologías de Información; HARDWARE AND SOFTWARE SYSTEM FOR HYDRIC ESTIMATION AND CROP IRRIGATION SCHEDULING;Alemania;978-3-030-24307-4;2019; HECTOR ARTURO FLOREZ FERNANDEZ, JORGE EDUARDO HERNANDEZ RODRIGUEZ, KAREN GISELLE DAZA ALVARADO;
179;179;179;16507;ITI: Innovación en Tecnologías de Información; MOBILE BASED APPROACH FOR ACCIDENT REPORTING;Alemania;978-3-030-05531-8;2018; HECTOR ARTURO FLOREZ FERNANDEZ, LUIS FELIPE WANUMEN SILVA, JUDY MARCELA MORENO OSPINA;
180;180;180;16507;ITI: Innovación en Tecnologías de Información; DRAFTING ENTERPRISE MODELS;Estados Unidos;9,78152E+12;2018; HECTOR ARTURO FLOREZ FERNANDEZ, MARIO EDUARDO SANCHEZ PUCCINI, JORGE ALBERTO VILLALOBOS SALCEDO;
181;181;181;16507;ITI: Innovación en Tecnologías de Información; MODEL DRIVEN ENGINEERING APPROACH TO CONFIGURE SOFTWARE REUSABLE COMPONENTS;Alemania;9,78303E+12;2018; HECTOR ARTURO FLOREZ FERNANDEZ;
182;182;182;16507;ITI: Innovación en Tecnologías de Información; APPLYING THE FLIPPED CLASSROOM MODEL USING A VLE FOR FOREIGN LANGUAGES LEARNING;Alemania;9,78303E+12;2018; OSCAR ALEXANDER MENDEZ AGUIRRE, HECTOR ARTURO FLOREZ FERNANDEZ;
183;183;183;16507;ITI: Innovación en Tecnologías de Información; BIOINFORMATICS APPROACH TO ANALYZE INFLUENZA VIRUSES;Alemania;9,78303E+12;2018; KARINA ALEJANDRA SALVATIERRA, HECTOR ARTURO FLOREZ FERNANDEZ;
184;184;184;16507;ITI: Innovación en Tecnologías de Información; MODEL DRIVEN ENGINEERING APPROACH TO MANAGE PERIPHERALS IN MOBILE DEVICES;Alemania;978-3-319-95170-6;2018; HECTOR ARTURO FLOREZ FERNANDEZ;
185;185;185;16507;ITI: Innovación en Tecnologías de Información; AN APPROACH OF A FRAMEWORK TO CREATE WEB APPLICATIONS;Alemania;978-3-319-95170-6;2018; HECTOR ARTURO FLOREZ FERNANDEZ, DANIEL ESTEBAN SANCHEZ RODRIGUEZ, OSCAR ALEXANDER MENDEZ AGUIRRE;
186;186;186;16507;ITI: Innovación en Tecnologías de Información; IMPROVING GAME MODELING FOR THE QUORIDOR GAME STATE USING GRAPH DATABASES;Alemania;978-3-319-73449-1;2018; DANIEL ESTEBAN SANCHEZ RODRIGUEZ, HECTOR ARTURO FLOREZ FERNANDEZ;
187;187;187;16507;ITI: Innovación en Tecnologías de Información; ARCHITECTURAL APPROACHES FOR PHONEMES RECOGNITION SYSTEMS;Alemania;9,78303E+12;2018; LUIS FELIPE WANUMEN SILVA, HECTOR ARTURO FLOREZ FERNANDEZ;
188;188;188;16507;ITI: Innovación en Tecnologías de Información; A WEB-BASED APPROACH FOR ANALYZING MICROORGANISM SEQUENCES;Alemania;9,78332E+12;2017; KARINA ALEJANDRA SALVATIERRA, HECTOR ARTURO FLOREZ FERNANDEZ;
189;189;189;16507;ITI: Innovación en Tecnologías de Información; ANALYSIS OF IMPRECISE ENTERPRISE MODELS;Alemania;978-3-319-39428-2;2016; MARIO EDUARDO SANCHEZ PUCCINI, HECTOR ARTURO FLOREZ FERNANDEZ, JORGE ALBERTO VILLALOBOS SALCEDO;
190;190;190;16507;ITI: Innovación en Tecnologías de Información; EXTENSIBLE MODEL-BASED APPROACH FOR SUPPORTING AUTOMATIC ENTERPRISE ANALYSIS;Estados Unidos;978-1-4799-5470-4;2014; HECTOR ARTURO FLOREZ FERNANDEZ, MARIO EDUARDO SANCHEZ PUCCINI, JORGE ALBERTO VILLALOBOS SALCEDO;
191;191;191;16507;ITI: Innovación en Tecnologías de Información; IARCHIMATE: A TOOL FOR MANAGING IMPERFECTION IN ENTERPRISE MODELS;Estados Unidos;978-1-4799-5467-4;2014; HECTOR ARTURO FLOREZ FERNANDEZ, MARIO EDUARDO SANCHEZ PUCCINI, JORGE ALBERTO VILLALOBOS SALCEDO;
192;192;192;16507;ITI: Innovación en Tecnologías de Información; SUPPORTING DRAFTS FOR ENTERPRISE MODELING;Estados Unidos;978-1-4799-6717-9;2014; HECTOR ARTURO FLOREZ FERNANDEZ, MARIO EDUARDO SANCHEZ PUCCINI, JORGE ALBERTO VILLALOBOS SALCEDO;
193;193;193;5315;Laboratorio de Investigación y desarrollo en Electrónica y Redes (LIDER); Energy Efficiency: characteristics that allow the reduction of greenhouse gases in Smart Cities;Colombia;978-958-44-5254-2;2022; ROBERTO FERRO ESCOBAR;
194;194;194;5315;Laboratorio de Investigación y desarrollo en Electrónica y Redes (LIDER); Monitoring through ICT of Mobility: technological collaborative feature to incorporate IoT in a Smart City;Colombia;978-958-44-5254-2;2022; ROBERTO FERRO ESCOBAR;
195;195;195;5315;Laboratorio de Investigación y desarrollo en Electrónica y Redes (LIDER); Artificial Intelligence, Case Study: Detection of Diabetic Retinopathy Through a Neuronal Networks in Citizens of Bogotá-Colombia;Alemania;978-3-031-07920-7;2022; RICARDO ALIRIO GONZALEZ BUSTAMANTE, ROBERTO FERRO ESCOBAR;
196;196;196;5315;Laboratorio de Investigación y desarrollo en Electrónica y Redes (LIDER); Development of a Virtual Laboratory for Nanoscience Experiments Using High-Speed Academic Network Technology;;978-3-030-81350-5;2021; ROBERTO FERRO ESCOBAR, NATHALY MARIN MEDINA;
197;197;197;5315;Laboratorio de Investigación y desarrollo en Electrónica y Redes (LIDER); La formación de profesores de ingeniería a partir de la educación en energías renovables;Colombia;9,78959E+12;2020; JORGE ENRIQUE SALAMANCA CESPEDES;
198;198;198;5315;Laboratorio de Investigación y desarrollo en Electrónica y Redes (LIDER); Educación y Smart Cities;Colombia;9,79E+12;2018; ROBERTO FERRO ESCOBAR, FRANCISCO JAVIER ZAMORA NAVARRO, HERNAN PAZ PENAGOS;
199;199;199;5315;Laboratorio de Investigación y desarrollo en Electrónica y Redes (LIDER); Aplicación de dispositivos Kinect para personas en Estado de Discapacidad;Colombia;9,78959E+12;2018; ROBERTO FERRO ESCOBAR, YESID DIAZ GUTIERREZ, WILSON DAVID FLOREZ BARBOZA, LUIS EDUARDO PALLARES MARTINEZ, ARNALDO ANDRES GONZALEZ GOMEZ;
200;200;200;5315;Laboratorio de Investigación y desarrollo en Electrónica y Redes (LIDER); Mejora en el sistema de aprendizaje LMS articulado con aplicaciones de IoT;Colombia;9,78959E+12;2018; JORGE ENRIQUE SALAMANCA CESPEDES;
201;201;201;5315;Laboratorio de Investigación y desarrollo en Electrónica y Redes (LIDER); Mejora en el sistema de aprendizaje LMS articulado con aplicaciones de loT;Colombia;9,78959E+12;2018; ORLANDO GARCIA HURTADO;
202;202;202;5315;Laboratorio de Investigación y desarrollo en Electrónica y Redes (LIDER); DISPOSITIVO DE BAJO COSTE PARA CONTROL DE ILUMINACION BASADO EN REDES INALAMBRICAS;España;978-84-608-2793-1;2015; ROBERTO FERRO ESCOBAR;
203;203;203;5315;Laboratorio de Investigación y desarrollo en Electrónica y Redes (LIDER); Matematicas;Colombia;9,78959E+12;2015; GABRIEL ANDRES ALZATE ACUNA;
204;204;204;5315;Laboratorio de Investigación y desarrollo en Electrónica y Redes (LIDER); Learning Analytics;Inglaterra;9,78147E+12;2014; RUBEN ARISTIDES GONZALEZ CRESPO;
205;205;205;5315;Laboratorio de Investigación y desarrollo en Electrónica y Redes (LIDER); Hardware-in-the-Loop Simulations and Control Systems Based on FPGA for Power Electronics in Microgrids;Colombia;978-1-63321-728-7;2014; JHANDRA MELISSA DIAZ LOPEZ, ALONSO GUTIERREZ GALEANO, HAROLD RENE CHAMORRO VERA, JOSE FERNANDO JIMENEZ VARGAS;
206;206;206;5315;Laboratorio de Investigación y desarrollo en Electrónica y Redes (LIDER); Parameterized Transformation Schema for a Non-Functional Properties Model in the Context of MDE;Inglaterra;978-1-4666-4494-6;2013; RUBEN ARISTIDES GONZALEZ CRESPO;
207;207;207;5315;Laboratorio de Investigación y desarrollo en Electrónica y Redes (LIDER); Design of an Open Platform for Collective Voting through EDNI on the Internet;Estados Unidos;978-1-4666-2119-0;2013; RUBEN ARISTIDES GONZALEZ CRESPO;
208;208;208;5315;Laboratorio de Investigación y desarrollo en Electrónica y Redes (LIDER); A Methodologies and Processes Language for the Software Industry;España;1-60876-972-0;2013; RUBEN ARISTIDES GONZALEZ CRESPO;
209;209;209;5315;Laboratorio de Investigación y desarrollo en Electrónica y Redes (LIDER); Metamodels Construction Based on the Definition of Domain Ontologies;Inglaterra;9,78147E+12;2012; RUBEN ARISTIDES GONZALEZ CRESPO;
210;210;210;5315;Laboratorio de Investigación y desarrollo en Electrónica y Redes (LIDER); Implementación de un servidor de video streaming bajo el protocolo IPV6 con mediciones de ancho de Banda y configuración de QoS en VLC;Perú;978-612-45345-2-2;2011; CARLOS ANDRES MARTINEZ ALAYON;
211;211;211;3328;Internet Inteligente; Contextos violentos y competencias ciudadanas. Aproximación desde los futuros profesionales colombianos;Colombia;9,78959E+12;2018; OCTAVIO SALCEDO PARRA;
212;212;212;3328;Internet Inteligente; Dijkstra Algorithm Based Reliability Model;Reino Unido;978-1-908320-36-0;2014; OCTAVIO SALCEDO PARRA;
213;213;213;3328;Internet Inteligente; Legal Assessment of the Use of Deep Packet Inspection or DPI in telecommunication networks in Colombia;Reino Unido;978-1-908320-36-0;2014; OCTAVIO SALCEDO PARRA;
214;214;214;3328;Internet Inteligente; Traffic forecasting using a multi layer perceptron model;Colombia;978-1-4503-3027-5;2014; OCTAVIO SALCEDO PARRA;
215;215;215;3328;Internet Inteligente; Traffic Analysis and Prediction;Rusia;9,78332E+11;2014; OCTAVIO SALCEDO PARRA;
216;216;216;3328;Internet Inteligente; Metodologia AntiSpit Basada en Identidad SIP;Brasil;0;2008; FRANCISCO JAVIER PUENTE PEREZ;
217;217;217;3328;Internet Inteligente; Diseño e Implementación de un Mapa de Ordenamiento Competitivo Soportado en la Plataforma Tecnologica de Internet Para Soportar Negocios Exitosos en el Departamento de Córdoba;Colombia;978-958-33-9077-7;2005; DANIEL JOSE SALAS ALVAREZ, RAFAEL DAJER PLATA, GEOVANNY ARGEL FUENTES;
218;218;218;11127;IDEAS; DDDAS for attack detection and isolation of control systems;Estados Unidos;978-3-319-95504-9;2018; LUIS FRANCISCO COMBITA ALFONSO, JAIRO ALONSO GIRALDO TRUJILLO, NICANOR QUIJANO SILVA;
219;219;219;11127;IDEAS; Capacity, Bandwidth, and Available Bandwidth in Wireless Ad Hoc Networks: Definitions and Estimation;Croacia;978-953-307-402-3;2011; MARCO AURELIO ALZATE MONROY;
220;220;220;877;GITUD; Comunicaciones, monitoreo y procesamiento digital de señales en microrredes;Colombia;978-958-8897-79-0;2015; ELVIS EDUARDO GAONA GARCIA, CESAR LEONARDO TRUJILLO RODRIGUEZ, HERBERT ENRIQUE ROJAS CUBIDES;
221;221;221;877;GITUD; Generalidades de las Microrredes Eléctricas;Colombia;978-958-8897-79-0;2015; ELVIS EDUARDO GAONA GARCIA, CESAR LEONARDO TRUJILLO RODRIGUEZ;
222;222;222;877;GITUD; Ingeniería de Sistemas Complejos Aplicada a Redes de Comunicaciones: Emergencia de la Cooperación en Redes Móviles Ad Hoc;Colombia;978-958-738-149-8;2010; MARCO AURELIO ALZATE MONROY;
223;223;223;877;GITUD; Neuro-fuzzy processing of packet dispersion traces for highly variable cross-traffic estimation;Bélgica;978-3-540-71616-7;2007; MARCO AURELIO ALZATE MONROY;
224;224;224;877;GITUD; complejidad en redes modernas de comunicaciones;Colombia;0;2007; MARCO AURELIO ALZATE MONROY;
225;225;225;891;GESTIÓN, EMPRENDIMIENTO, INNOVACIÓN Y TECNOLOGÍA, GEIT; Desarrollo de cadenas de innovación abierta en el sistema regional de innovación Bogotá, Cundinamarca; experiencia de cooperación entre la Universidad Distrital y TEAM Ingeniería de Conocimiento;México;978-607-8066-26-1;2016; JOSE RAMIRO BERTIERI QUINTERO, LEIDY JOHANA RODRIGUEZ MERCHAN, MARIA EUGENIA CALDERON, CAMILO GUERRERO RODRIGUEZ
226;226;226;891;GESTIÓN, EMPRENDIMIENTO, INNOVACIÓN Y TECNOLOGÍA, GEIT; La gestión de las redes y su incidencia en los procesos de innovación;México;978-939982-22-3;2016; FABIOLA SAENZ BLANCO;
227;227;227;891;GESTIÓN, EMPRENDIMIENTO, INNOVACIÓN Y TECNOLOGÍA, GEIT; Desarrollo de cadenas de innovación abierta en el sistema regional de innovación Bogotá, Cundinamarca; experiencia de cooperación entre la Universidad Distrital y TEAM Ingeniería de Conocimiento;México;978-607-8066-26-1;2016; MARIA EUGENIA CALDERON, JOSE RAMIRO BERTIERI
228;228;228;891;GESTIÓN, EMPRENDIMIENTO, INNOVACIÓN Y TECNOLOGÍA, GEIT; Innovacion, emprendimiento y propiedad intelectual: Sistematizacion de la experiencia Irizar;Colombia;9,78959E+12;2010; FABIOLA SAENZ BLANCO;
229;229;229;891;GESTIÓN, EMPRENDIMIENTO, INNOVACIÓN Y TECNOLOGÍA, GEIT; Desarrollo del Modelo de Excelencia Empresarial Caso Empresa Familiar: SISMOPETROL S.A.;Colombia;978-958-670-778-7;2009; FABIOLA SAENZ BLANCO;
230;230;230;891;GESTIÓN, EMPRENDIMIENTO, INNOVACIÓN Y TECNOLOGÍA, GEIT; Unas Pinceladas de Teoria;España;84-86723-61-2;2008; FABIOLA SAENZ BLANCO;
231;231;231;891;GESTIÓN, EMPRENDIMIENTO, INNOVACIÓN Y TECNOLOGÍA, GEIT; Experimental study on use of creativity software for conceptual product definition;Colombia;75-06274-44-2;2005; JAIRO CHAUR BERNAL;
232;232;232;891;GESTIÓN, EMPRENDIMIENTO, INNOVACIÓN Y TECNOLOGÍA, GEIT; Valoración de la creatividad en el desarrollo de nuevos productos;España;;2003; JAIRO CHAUR BERNAL;
233;233;233;891;GESTIÓN, EMPRENDIMIENTO, INNOVACIÓN Y TECNOLOGÍA, GEIT; Análisis del trabajo en equipo en el área de fabricación: Desarrollo y aprovechamiento del capital humano y organizativo;España;8469931342;2001; FABIOLA SAENZ BLANCO, GUILLERMO OLAVI PEREZ BUSTAMANTE ILLANDE;
234;234;234;940;AQUAFORMAT; Infiltration capacity modelling under forests in the basin of San Cristobal river, Bogotá;Brasil;978-65-5706-727-7;2021; CARLOS GARCIA OLMOS;
235;235;235;940;AQUAFORMAT; Prediccción de crecientes bajo tres coberturas arbóreas en la cuenca del río San Cristóbal;Colombia;978-958-8972-06-0;2016; CARLOS GARCIA OLMOS;
236;236;236;940;AQUAFORMAT; Treatment of oily wastewater by membrane hybrid processes;Países Bajos;978-94-007-5079-1;2013; J COCA, G GUTIERREZ, JOSE MANUEL BENITO MORENO;
237;237;237;940;AQUAFORMAT; Orientaciones y propuestas de estructura para el Proyecto Educativo de la Facultad del Medio Ambiente y Recursos Naturales;Colombia;978-958-8832-32-6;2013; CARLOS GARCIA OLMOS;
238;238;238;940;AQUAFORMAT; Treatment of oily wastewaters from metalworking processes;Estados Unidos;978-1-62081-995-1;2012; G GUTIERREZ, M MATOS, D ALLENDE, JOSE MANUEL BENITO MORENO, J COCA, C PAZOS;
239;239;239;940;AQUAFORMAT; Treatment of oily wastewater;Países Bajos;978-90-481-9774-3;2011; J COCA, G GUTIERREZ, JOSE MANUEL BENITO MORENO;
240;240;240;940;AQUAFORMAT; Contaminación del agua;Colombia;978-958-98259-0-7;2010; JUAN PABLO RODRIGUEZ MIRANDA;
241;241;241;940;AQUAFORMAT; Recovery of alpha-phenylglycine by two extractive ultrafiltration techniques;España;978-84-690-6130-5;2009; M O RUIZ, JOSE MANUEL BENITO MORENO, J L CABEZAS, I ESCUDERO, J COCA;
242;242;242;940;AQUAFORMAT; Droplet size distribution of oil-water emulsions by confocal laser scanning microscopy;Estados Unidos;0-8412-3859-6;2004; JOSE MANUEL BENITO MORENO, C PAZOS, J COCA;
243;243;243;940;AQUAFORMAT; Environmental problems in the food and dairy industry;España;84-669-0176-1;1999; J COCA, JOSE MANUEL BENITO MORENO;
244;244;244;940;AQUAFORMAT; Methods for the separation of emulsified oil from water: a state of the art review;India;81-258-0016-6;1998; JOSE MANUEL BENITO MORENO, C PAZOS, J COCA;
245;245;245;902;GITEM++; Control y seguimiento: cultura de servicio en negocios con grandes clientes de energía en Colombia;México;9,78842E+12;2019; JAIME HERNANDO PENA RODRIGUEZ;
246;246;246;902;GITEM++; Arquitectura de Red de Telemedicina;Colombia;0;2003; LILIA EDITH APARICIO PICO, JAIME RAMIREZ ARTUNDUAGA;
247;247;247;902;GITEM++; Gestión de Redes de Telemedicina;Colombia;958-8175-68-2;2003; LILIA EDITH APARICIO PICO, JUAN CARLOS DAVILA;
248;248;248;13666;GEFEM - Grupo de Estudio en temas de la Física, de la Estadística y la Matemática; Mejora de la resolución espacial y espectral de imágenes adquiridas mediante aeronaves remotamente pilotadas, usando la fusión de imágenes con Wavelet: algoritmo de Mallat y À trous;España;978-84-1320-038-5;2019; ERIKA SOFIA UPEGUI CARDONA;
249;249;249;13666;GEFEM - Grupo de Estudio en temas de la Física, de la Estadística y la Matemática; Estimación de la distribución espacial del control terrestre para el proceso fotogramétrico utilizando aeronaves remotamente pilotadas;España;978-84-1320-038-5;2019; ERIKA SOFIA UPEGUI CARDONA;
250;250;250;13666;GEFEM - Grupo de Estudio en temas de la Física, de la Estadística y la Matemática; Caracterización del perfil espectral de 3 estados fenológicos del cultivo de durazno a partir de UAV;España;978-84-1320-038-5;2019; ERIKA SOFIA UPEGUI CARDONA;
251;251;251;13666;GEFEM - Grupo de Estudio en temas de la Física, de la Estadística y la Matemática; Modelo predictivo para determinar el rendimiento del cultivo de guayaba a partir de imágenes UAV;España;978-84-1320-038-5;2019; ERIKA SOFIA UPEGUI CARDONA;
252;252;252;13666;GEFEM - Grupo de Estudio en temas de la Física, de la Estadística y la Matemática; Evolución del enfoque del manejo de la información geográfica en el plan de estudio de Ingeniería Catastral y Geodesia (1964-2016);Colombia;978-958-5434-27-1;2017; ERIKA SOFIA UPEGUI CARDONA;
253;253;253;13666;GEFEM - Grupo de Estudio en temas de la Física, de la Estadística y la Matemática; Analisis multitemporal de laperdida de la capacidad hidrica a causa de los cambios generados en los suelos usando imagenes Landsat: Estudio de caso Cordoba- Colombia entre los años 1985-2016;España;9,78849E+12;2017; ERIKA SOFIA UPEGUI CARDONA;
254;254;254;13666;GEFEM - Grupo de Estudio en temas de la Física, de la Estadística y la Matemática; Aplicativo de escritorio para la determinacion de Solidos en Suspension Totales usando imagenes satelitales MODIS MYD09 y MOD09;España;9,78849E+12;2017; RUBEN JAVIER MEDINA DAZA, IVAN DARIO CARRILLO DURAN;
255;255;255;13666;GEFEM - Grupo de Estudio en temas de la Física, de la Estadística y la Matemática; Espacializacion del estres biotico en los frailejones del Parque Natural Nacional Chingaza (Colombia) utilizando imagenes capturadas con un vehiculo aereo no tripulado;España;9,78849E+12;2017; ERIKA SOFIA UPEGUI CARDONA;
256;256;256;13666;GEFEM - Grupo de Estudio en temas de la Física, de la Estadística y la Matemática; El aporte de las imagenes adquiridas mediante vehículosaereos no tripulados en la fusion de imagenes para la deteccion de cambios en analisis multitemporales usando la transformada de wavelet;España;9,78849E+12;2017; ERIKA SOFIA UPEGUI CARDONA;
257;257;257;13666;GEFEM - Grupo de Estudio en temas de la Física, de la Estadística y la Matemática; Extraction of buildings in very high spatial resolution's GeoEye images, an approach through the mathematical morphology;España;978-1-5090-1226-8;2016; ERIKA SOFIA UPEGUI CARDONA, CATHERINE MERING;
258;258;258;13666;GEFEM - Grupo de Estudio en temas de la Física, de la Estadística y la Matemática; Geostatistical modeling of temperature anomaly in season of the ¿El niño¿ phenomenon in Boyaca, Colombia;Colombia;978-1-5090-0228-3;2015; ANDRES CAMILO FLOREZ GARCIA;
259;259;259;13666;GEFEM - Grupo de Estudio en temas de la Física, de la Estadística y la Matemática; Evaluación de la fusión de imágenes satelitales WorldView-2 usando la Transformada Wavelet Daubechies Assessment of WorldView-2 satellite-image fusion using Daubechies Wavelet Transform;Portugal;978-898-98434-4-3;2015; RUBEN JAVIER MEDINA DAZA, ERIKA SOFIA UPEGUI CARDONA;
260;260;260;13666;GEFEM - Grupo de Estudio en temas de la Física, de la Estadística y la Matemática; ASSESSMENT OF WORLDVIEW-2 SATELLITE-IMAGE FUSION USING DAUBECHIES WAVELET TRANSFORM;Portugal;9,78148E+12;2015; RUBEN JAVIER MEDINA DAZA, ERIKA SOFIA UPEGUI CARDONA;
261;261;261;13666;GEFEM - Grupo de Estudio en temas de la Física, de la Estadística y la Matemática; Ciclos de miniconferencias como instrumentos de investigación-acción educativa en los espacios académicos de fotogrametría: un acercamiento a la integración de la investigación formativa en los currículos;Colombia;9,78959E+12;2015; ERIKA SOFIA UPEGUI CARDONA;
262;262;262;13666;GEFEM - Grupo de Estudio en temas de la Física, de la Estadística y la Matemática; Evaluación de la fusión de imágenes satelitales usando la Transformada rápida de Wavelet haar y Contourlet;Portugal;9,7899E+12;2014; RUBEN JAVIER MEDINA DAZA, ERIKA SOFIA UPEGUI CARDONA;
263;263;263;13666;GEFEM - Grupo de Estudio en temas de la Física, de la Estadística y la Matemática; Assessment of satellite-image fusion using Fast haar Wavelet transform and Contourlet;España;9,78148E+12;2014; RUBEN JAVIER MEDINA DAZA, ERIKA SOFIA UPEGUI CARDONA;
264;264;264;6950;INTEROPERABILIDAD TECNOLOGICA Y SEMANTICA; Fuzzy Inference Systems Optimization Techniques for Detecting Xanthomonas campestris Disease;Inglaterra;978-81-19491-27-8;2023; CAMILO ENRIQUE ROCHA CALDERON, JULIO BARON VELANDIA, DANIEL DAVID LEAL LARA;
265;265;265;6950;INTEROPERABILIDAD TECNOLOGICA Y SEMANTICA; Prediction Model of Water Quality and Detection of Vibrio Cholerae Bacteria;Inglaterra;978-93-5547-744-6;2022; CAMILO ENRIQUE ROCHA CALDERON, OCTAVIO SALCEDO PARRA, SEBASTIAN CAMILO VANEGAS AYALA;
266;266;266;6950;INTEROPERABILIDAD TECNOLOGICA Y SEMANTICA; Prediction Model of Water Quality and Detection of Vibrio Cholerae Bacteria;;978-93-5547-743-9;2022; SEBASTIAN CAMILO VANEGAS AYALA, CAMILO ENRIQUE ROCHA CALDERON, OCTAVIO SALCEDO PARRA;
267;267;267;6950;INTEROPERABILIDAD TECNOLOGICA Y SEMANTICA; Greenhouse Humidity Prediction and Control Models by Using Fuzzy Inference Systems;;978-93-5547-743-9;2022; SEBASTIAN CAMILO VANEGAS AYALA, JULIO BARON VELANDIA, DANIEL DAVID LEAL LARA;
268;268;268;6950;INTEROPERABILIDAD TECNOLOGICA Y SEMANTICA; Determination of Environmental Humidity and Temperature Prediction in Agriculture Using Mamdani Inference Systems;;978-93-5547-475-9;2022; JULIO BARON VELANDIA, SEBASTIAN CAMILO VANEGAS AYALA, JONATHAN STEVEN CAPERA QUINTANA;
269;269;269;6950;INTEROPERABILIDAD TECNOLOGICA Y SEMANTICA; Proposal for Interoperability Standards Applications in the Health Sector;España;978-3-319-16479-3;2015; ALEJANDRO PAOLO DAZA CORREDOR, BRAYAN STEVEN REYES DAZA, OCTAVIO SALCEDO PARRA;
270;270;270;6950;INTEROPERABILIDAD TECNOLOGICA Y SEMANTICA; Los lenguajes documentales: dialéctica entre las taxonomías y las folksonomías;España;978-84-338-5034-8;2009; JOSE ANTONIO MOREIRO GONZALES;
271;271;271;6950;INTEROPERABILIDAD TECNOLOGICA Y SEMANTICA; Relaciones conceptuales entre la Representación de información y La Terminología;España;978-84-9849-239-2;2008; JOSE ANTONIO MOREIRO GONZALES;
272;272;272;6950;INTEROPERABILIDAD TECNOLOGICA Y SEMANTICA; La representación y recuperación de los contenidos digitales: de los tesauros conceptuales a las folksonomías.;España;84-9704-270-0;2006; JOSE ANTONIO MOREIRO GONZALES;
273;273;273;8915;DISEÑO, MODELAMIENTO Y SIMULACION; Detection of Fissures in Desiccated Soils Using Spectral Analysis of RayleighWaves;Italia;978-3-642-31115-4;2012; JULIAN ALFONSO TRISTANCHO ORTIZ;
274;274;274;4329;Grupo de investigación en Ingeniería de Diseño (Dising); Simulación de Cobertura de Modelos de Canal en la Frecuencia de 26 GHz para una Red Móvil 5G;Colombia;9,78959E+12;2021; JAVIER ENRIQUE AREVALO PENA;
275;275;275;4329;Grupo de investigación en Ingeniería de Diseño (Dising); Simulación de radio propagación de arreglos de Múltiples-Entradas-Múltiples-Salidas (MIMO) en frecuencias de ondas milimétricas para redes 5G;Colombia;9,78959E+12;2020; JAVIER ENRIQUE AREVALO PENA;
276;276;276;4329;Grupo de investigación en Ingeniería de Diseño (Dising); Online Parameter Adjustment of an Active Disturbance Rejection Controller for a Robotic Manipulator via Simulated Annealing;Suiza;9,78303E+12;2020; LUINI LEONARDO HURTADO CORTES;
277;277;277;4329;Grupo de investigación en Ingeniería de Diseño (Dising); Interfaz para la operación remota de un manipulador Mitsubishi Movemaster RVM1;Brasil;978-65-5706-308-8;2020; JOHN FORERO CASALLAS, LUINI LEONARDO HURTADO CORTES;
278;278;278;4329;Grupo de investigación en Ingeniería de Diseño (Dising); INTERFAZ PARA LA OPERACIÓN REMOTA DE UN MANIPULADOR MITSUBISHI MOVEMASTER RVM1;Brasil;978-65-5706-308-8;2020; LUINI LEONARDO HURTADO CORTES;
279;279;279;4329;Grupo de investigación en Ingeniería de Diseño (Dising); Calculation of the Depth of Field in Digital Camera Using Fuzzy Inference Systems;Colombia;9,78303E+12;2020; JUAN MANUEL GONZALEZ TORO, LUINI LEONARDO HURTADO CORTES;
280;280;280;4329;Grupo de investigación en Ingeniería de Diseño (Dising); Calculation of the depth of field in digital camera using Fuzzy Inference Systems;;9,78303E+12;2020; LUINI LEONARDO HURTADO CORTES;
281;281;281;4329;Grupo de investigación en Ingeniería de Diseño (Dising); Online parameter adjustment of an active disturbance rejection controller for a robotic manipulator via simulated annealing;;9,78303E+12;2020; LUINI LEONARDO HURTADO CORTES;
282;282;282;4329;Grupo de investigación en Ingeniería de Diseño (Dising); Utilización de ANFIS para la detección de fallas en un sistema térmico;Colombia;9,78959E+12;2018; LUINI LEONARDO HURTADO CORTES;
283;283;283;4329;Grupo de investigación en Ingeniería de Diseño (Dising); Utilización de anfis para la detección de fallas en un sistema térmico;Cuba;9,78959E+12;2018; LUINI LEONARDO HURTADO CORTES, JUAN MANUEL GONZALEZ TORO;
284;284;284;4329;Grupo de investigación en Ingeniería de Diseño (Dising); Diseño y Simulación de Arreglos de Antena en la Frecuencia de 72 Ghz(Banda -E)para empleo en Redes Móviles 5G;Colombia;9,78959E+12;2018; RICARDO ALIRIO GONZALEZ BUSTAMANTE;
285;285;285;4329;Grupo de investigación en Ingeniería de Diseño (Dising); Diseño y Simulación de Arreglos de Antena en la Frecuencia de 72 GHz (Banda E) para Empleo en Redes Móviles 5G;Colombia;9,78959E+12;2018; RICARDO ALIRIO GONZALEZ BUSTAMANTE, JAVIER ENRIQUE AREVALO PENA;
286;286;286;4329;Grupo de investigación en Ingeniería de Diseño (Dising); Análisis de Radiopropagación de un eNodoB en un Escenario Urbano;Colombia;9,78959E+12;2017; RICARDO ALIRIO GONZALEZ BUSTAMANTE, JAVIER ENRIQUE AREVALO PENA;
287;287;287;4329;Grupo de investigación en Ingeniería de Diseño (Dising); Análisis de Radio propagación de un eNodoB en un Escenario Urbano;Colombia;9,78959E+12;2017; RICARDO ALIRIO GONZALEZ BUSTAMANTE;
288;288;288;4329;Grupo de investigación en Ingeniería de Diseño (Dising); Análisis de Radiopropagación de un eNodoB en un Escenario Urbano;Colombia;9,78959E+12;2017; RICARDO ALIRIO GONZALEZ BUSTAMANTE;
289;289;289;4329;Grupo de investigación en Ingeniería de Diseño (Dising); Comparación de Simulaciones de Radiopropagación en Frecuencias de Ondas Milimétricas para Redes Móviles de Quinta Generación (5G);Colombia;9,78959E+12;2017; JAVIER ENRIQUE AREVALO PENA;
290;290;290;4329;Grupo de investigación en Ingeniería de Diseño (Dising); Profundidad de campo en cámaras digitales usando sistemas de inferencia difusa de Mamdani y Sugeno;Cuba;978-959-261-533-5;2016; JUAN MANUEL GONZALEZ TORO, LUINI LEONARDO HURTADO CORTES;
291;291;291;4329;Grupo de investigación en Ingeniería de Diseño (Dising); Profundidad de campo en cámaras digitales usando sistemas de inferencia difusa de Mamdani y Sugeno;Colombia;978-959-261-533-5;2016; JUAN MANUEL GONZALEZ TORO, LUINI LEONARDO HURTADO CORTES;
292;292;292;4329;Grupo de investigación en Ingeniería de Diseño (Dising); Desarrollo de Aulas Virtuales para el Laboratorio de Telemática y Antenas de la Fundación Universidad Autónoma de Colombia empleando la Plataforma Moodle;Colombia;978-958-680-079-2;2016; JAVIER ENRIQUE AREVALO PENA;
293;293;293;4329;Grupo de investigación en Ingeniería de Diseño (Dising); Uso de la biomasa de la planta Eichhornia crassipes como material para la remoción de cromo VI en soluciones acuosas;Colombia;978-958-8972-76-3;2016; CARLOS ANDRES PENA GUZMAN;
294;294;294;4329;Grupo de investigación en Ingeniería de Diseño (Dising); Determinación de las concentraciones de SST, DBO5, N-T, P-T, SAAM, GYA en el río Tunjuelo, Bogotá D.C. a través de modelos de redes neuronales tipo feed-forward;Colombia;978-958-7-65287-1;2016; CARLOS ANDRES PENA GUZMAN, DAVID ANDRES ZAMORA AVILA;
295;295;295;4329;Grupo de investigación en Ingeniería de Diseño (Dising); Incorporación de Tendencias Internacionales en la Propuesta del Plan de Estudios de la Especialización en Telecomunicaciones de la FUAC;Colombia;9,78959E+12;2015; JAVIER ENRIQUE AREVALO PENA, JORGE ENRIQUE LOPEZ DUARTE, RICARDO ALIRIO GONZALEZ BUSTAMANTE;
296;296;296;4329;Grupo de investigación en Ingeniería de Diseño (Dising); Incorporación de Tendencias Internacionales en la Propuesta del Plan de Estudios de la Especialización en Telecomunicaciones de la FUAC;Colombia;9,78959E+12;2015; RICARDO ALIRIO GONZALEZ BUSTAMANTE;
297;297;297;4329;Grupo de investigación en Ingeniería de Diseño (Dising); Diseño de una herramienta para identificación inteligente de sistemas de control;Colombia;978-958-680-058-7;2008; ALONSO DE JESUS CHICA LEAL;
298;298;298;1716;Grupo de investigación en control electrónico; Control del robot basado en emociones;Colombia;978-958-5434-85-1;2017; JOSE DANILO RAIRAN ANTOLINES, MIGUEL RICARDO PEREZ PEREIRA;
