;Unnamed: 0.1;Unnamed: 0;COD_RH;                 GRUPO;                TITULO;                PAIS;                ISBN;                AÑO;                AUTORES
0;0;0;1394;GIIRA;Aplicación Inmersiva para el Consumo de Recursos Digitales basada en Navegación por Ontologías como Estrategia de interacción;Colombia;978-958-787-249-1;2020; JHON FRANCINED HERRERA CUBIDES, CARLOS ENRIQUE MONTENEGRO MARIN, PAULO ALONSO GAONA GARCIA
1;1;1;1394;GIIRA;Aplicación inmersiva para el consumo de recursos digitales basada en navegación por ontologías como estrategia de interacción;;978-958-787-249-1;2020; PAULO ALONSO GAONA GARCIA, CARLOS ENRIQUE MONTENEGRO MARIN
2;2;2;1394;GIIRA;Modelo de comunicación basado en IoT para la transmisión de datos de estaciones meteorológicas;;978-958-787-256-9;2020; CARLOS ENRIQUE MONTENEGRO MARIN
3;3;3;1394;GIIRA;Aplicación inversiva para el consumo de recursos digitales basada en navegación por ontología como estrategia de interacción;Colombia;978-958-787-249-1;2020; PAULO ALONSO GAONA GARCIA, CARLOS ENRIQUE MONTENEGRO MARIN
4;4;4;1394;GIIRA;Modelo de comunicaciones basado en IoT pra la transmisión de datos de estaciones mmeterológicas;Colombia;978-958-787-256-9;2020; CARLOS ENRIQUE MONTENEGRO MARIN
5;5;5;1394;GIIRA;"INDICADORES TIC ""Principales Indicadores y Modelos de Medición de Políticas Públicas en el sector de las Tecnologías de la Información y Comunicaciones - TIC";Colombia;978-958-787-075-6;2019; JUAN MANUEL SANCHEZ CESPEDES, OCTAVIO SALCEDO PARRA, EDWIN RIVAS TRUJILLO
6;6;6;1394;GIIRA;Entornos de búsquedas navegacionales a partir de esquemas de representación de conocimiento;Colombia;9,78959E+12;2018; PAULO ALONSO GAONA GARCIA, CARLOS ENRIQUE MONTENEGRO MARIN
7;7;7;1394;GIIRA;Mecanismos de exploración de recursos sobre Linked Open Data mediante principios de seguridad;;978-958-5434-39-4;2017; CARLOS ENRIQUE MONTENEGRO MARIN
8;8;8;1394;GIIRA;Integration of formal and informal contexts, for a better learning and a better teaching;España;978-84-16602-41-4;2016; RUBEN ARISTIDES GONZALEZ CRESPO
9;9;9;1394;GIIRA;UNESCO-UNIR ICT & Education Latam Congress 2016  proceedings;España;978-84-16602-41-4;2016; RUBEN ARISTIDES GONZALEZ CRESPO
10;10;10;1394;GIIRA;Aproximación y Propuesta de una Metodología para la Adaptación de Aplicaciones Web en Aplicaciones Web Accesibles;España;78-84-16602-24-7 9;2016; RUBEN ARISTIDES GONZALEZ CRESPO
11;11;11;1394;GIIRA;Aproximación y Propuesta de una Metodología para la Adaptación de Aplicaciones Web en Aplicaciones Web Accesibles;España;978-84-16602-24-7;2016; RUBEN ARISTIDES GONZALEZ CRESPO
12;12;12;3869;Grupo de Investigación en Ingeniería Civil Universidad Distrital -GIICUD-;PROPUESTA DE DIAGNÓSTICO DE HABITABILIDAD EN ASENTAMIENTOS HUMANOS A NIVEL URBANO;Colombia; 978-958-5133-36-5;2020; CAMILO ALBERTO TORRES PARRA, CESAR AUGUSTO GARCIA UBAQUE
13;13;13;3869;Grupo de Investigación en Ingeniería Civil Universidad Distrital -GIICUD-;Ingeniería Ambiental: Análisis Aplicado a la Calidad del Agua;Colombia;978-958-787-073-2;2019; JUAN PABLO RODRIGUEZ MIRANDA, CESAR AUGUSTO GARCIA UBAQUE
14;14;14;3869;Grupo de Investigación en Ingeniería Civil Universidad Distrital -GIICUD-;Ingeniería Ambiental: Análisis Aplicado a la Tratabilidad del Agua.;Colombia;978-958-787-071-8;2019; JUAN PABLO RODRIGUEZ MIRANDA, CESAR AUGUSTO GARCIA UBAQUE
15;15;15;3869;Grupo de Investigación en Ingeniería Civil Universidad Distrital -GIICUD-;HABITABILIDAD DE LA VIVIENDA: UNA PERSPECTIVA DE SALUD;Colombia;9,78959E+12;2017; JUAN CARLOS GARCIA UBAQUE
16;16;16;3869;Grupo de Investigación en Ingeniería Civil Universidad Distrital -GIICUD-;EMPODERAMIENTO COMUNITARIO EN LA CONSTRUCCIÓN DE VIVIENDAS SALUDABLES EN UNA ZONA VULNERABLE DE BOGOTÁ, COLOMBIA;Colombia;978-958-5434-21-9;2017; JUAN CARLOS GARCIA UBAQUE
17;17;17;3869;Grupo de Investigación en Ingeniería Civil Universidad Distrital -GIICUD-;Empoderamiento comunitario en la construcción de viviendas saludables;Colombia;978-958-5434-21-9;2017; CESAR AUGUSTO GARCIA UBAQUE, JUAN CARLOS GARCIA UBAQUE, CAMILO ALBERTO TORRES PARRA
18;18;18;3869;Grupo de Investigación en Ingeniería Civil Universidad Distrital -GIICUD-;Habitabilidad de la vivienda: una perspectiva de la salud;Colombia;978-958-775-983-9;2017; CESAR AUGUSTO GARCIA UBAQUE, JUAN CARLOS GARCIA UBAQUE, CAMILO ALBERTO TORRES PARRA
19;19;19;3869;Grupo de Investigación en Ingeniería Civil Universidad Distrital -GIICUD-;Construccion e inspeccion tecnica para vivienda VIP y VIS, en sistema de mamposteria confinada y estructural;Colombia;978-958-8897-96-7;2016; CESAR AUGUSTO GARCIA UBAQUE, MILTON MENA SERNA, SERGIO GIOVANNY VALBUENA PORRAS
20;20;20;3869;Grupo de Investigación en Ingeniería Civil Universidad Distrital -GIICUD-;Construcción e inspección técnica para vivienda VIP y VIS, en sistema de mampostería confinada y estructural;Colombia; 978-958-8897-96-7;2016; MILTON MENA SERNA, CESAR AUGUSTO GARCIA UBAQUE
21;21;21;3869;Grupo de Investigación en Ingeniería Civil Universidad Distrital -GIICUD-;Patología constructiva en vivienda popular;Colombia;978-958-8897-74-5;2015; MILTON MENA SERNA, CESAR AUGUSTO GARCIA UBAQUE
22;22;22;3869;Grupo de Investigación en Ingeniería Civil Universidad Distrital -GIICUD-;Patología constructiva en vivienda popular;Colombia;978-958-8897-74-5;2015; CESAR AUGUSTO GARCIA UBAQUE, MILTON MENA SERNA, SERGIO GIOVANNY VALBUENA PORRAS
23;23;23;3869;Grupo de Investigación en Ingeniería Civil Universidad Distrital -GIICUD-;Estudio de la problemática del suelo para el desarrollo de proyectos de vivienda de interés social y de vivienda de interés prioritaria en Colombia: Caso bogotá;Colombia;978-958-8832-84-5;2014; CESAR AUGUSTO GARCIA UBAQUE, MARTHA LUCIA VACA BOHORQUEZ, CESAR HENAO TRUJILLO
24;24;24;3869;Grupo de Investigación en Ingeniería Civil Universidad Distrital -GIICUD-;Sistema constructivo de la vivienda popular en sectores vulnerables de Bogotá;Colombia;978-958-8832-85-2;2014; CESAR AUGUSTO GARCIA UBAQUE, MILTON MENA SERNA, SERGIO GIOVANNY VALBUENA PORRAS
25;25;25;3869;Grupo de Investigación en Ingeniería Civil Universidad Distrital -GIICUD-;La producción de vivienda de interés social en Bogotá. Análisis de dos de sus modelos;Colombia;978-958-8832-83-8;2014; CESAR AUGUSTO GARCIA UBAQUE, CARLOS FERNANDO AGUDELO RODRIGUEZ, SERGIO GIOVANNY VALBUENA PORRAS
26;26;26;3869;Grupo de Investigación en Ingeniería Civil Universidad Distrital -GIICUD-;Sistema constructivo de la vivienda popular en sectores vulnerables de Bogotá;Colombia;978-958-8832-85-2;2014; MILTON MENA SERNA, CESAR AUGUSTO GARCIA UBAQUE
27;27;27;983;Grupo de Investigación Internacional en Informática, Comunicación y Gestión del Conocimiento;LA INGENIERÍA ONTOLÓGICA Y SUS APORTES A LA GERENCIA DE PROYECTOS;Colombia;978-958-49-5344-5;2022; NELSON ENRIQUE VERA PARRA, BEITMANTT GEOVANNI CARDENAS QUINTERO, EDUYN RAMIRO LOPEZ SANTANA
28;28;28;983;Grupo de Investigación Internacional en Informática, Comunicación y Gestión del Conocimiento;REDES NEURONALES CONVOLUCIONALES USANDO KERAS Y ACELERANDO CON GPU;Colombia;978-958-787-233-0;2020; RUBEN JAVIER MEDINA DAZA, NELSON ENRIQUE VERA PARRA
29;29;29;983;Grupo de Investigación Internacional en Informática, Comunicación y Gestión del Conocimiento;Investigación en Ingeniería fundamentada en la gestión del conocimiento;Colombia;978-958-787-241-5;2020; LEONARDO RODRIGUEZ BERNAL, VICTOR HUGO MEDINA GARCIA
30;30;30;983;Grupo de Investigación Internacional en Informática, Comunicación y Gestión del Conocimiento;Smart Innovation of Web of Things;Estados Unidos;9,78037E+12;2020; RUBEN ARISTIDES GONZALEZ CRESPO
31;31;31;983;Grupo de Investigación Internacional en Informática, Comunicación y Gestión del Conocimiento;Introducción a la ciencia de datos en r. Un enfoque práctico;Colombia;978-958-787-171-5;2020; JOSE NELSON PEREZ CASTILLO
32;32;32;983;Grupo de Investigación Internacional en Informática, Comunicación y Gestión del Conocimiento;OPENCL PRÁCTICO COMPUTACIÓN HETEROGÉNEA PARALELA;Colombia;978-958-78707-8-7;2019; JOSE NELSON PEREZ CASTILLO, NELSON ENRIQUE VERA PARRA, CRISTIAN ALEJANDRO ROJAS QUINTERO
33;33;33;983;Grupo de Investigación Internacional en Informática, Comunicación y Gestión del Conocimiento;Modelo de gestión del conocimiento como apoyo a la gestión de proyectos;Colombia;978-958-787-097-8;2019; GIOVANNY MAURICIO TARAZONA BERMUDEZ, VICTOR HUGO MEDINA GARCIA, DIAZ NANCY
34;34;34;983;Grupo de Investigación Internacional en Informática, Comunicación y Gestión del Conocimiento;Investigación en Ingeniería apoyada por la gestión del conocimiento y la internet social;Colombia;978-958-787-082-4;2019; VICTOR HUGO MEDINA GARCIA, GIOVANNY MAURICIO TARAZONA BERMUDEZ, LINA MARIA MEDINA ESTRADA
35;35;35;983;Grupo de Investigación Internacional en Informática, Comunicación y Gestión del Conocimiento;Agent-Based Models and Complexity Science in the Age of Geospatial Big Data;Canadá;978-3-319-65993-0;2017; MAGDA LILIANA PEREZ CASTRO
36;36;36;983;Grupo de Investigación Internacional en Informática, Comunicación y Gestión del Conocimiento;Modelo de Madurez para la Capacidad de la Enseñanza en Ingeniería;Colombia;978-958-8723-23-5;2016; VICTOR HUGO MEDINA GARCIA, GERMAN ANDRES MENDEZ GIRALDO, SANDRO JAVIER BOLANOS CASTRO
37;37;37;983;Grupo de Investigación Internacional en Informática, Comunicación y Gestión del Conocimiento;Entorno de trabajo bioinformático para RNA-SEQ;Colombia;9,78959E+12;2016; NELSON ENRIQUE VERA PARRA
38;38;38;983;Grupo de Investigación Internacional en Informática, Comunicación y Gestión del Conocimiento;Desarrollo humano, didáctica y creatividad en la educación universitaria;Colombia;978-958-8897-12-7;2015; JOSE NELSON PEREZ CASTILLO
39;39;39;983;Grupo de Investigación Internacional en Informática, Comunicación y Gestión del Conocimiento;Biopython básico: Manual práctico;Colombia;978-958-8832-70-8;2014; NELSON ENRIQUE VERA PARRA, JOSE NELSON PEREZ CASTILLO, CRISTIAN ALEJANDRO ROJAS QUINTERO
40;40;40;983;Grupo de Investigación Internacional en Informática, Comunicación y Gestión del Conocimiento;Teoría De Los Conjuntos Aproximados: Conceptos Y Métodos Computacionales;Colombia;978-958-8723-77-8;2012; JOSE NELSON PEREZ CASTILLO
41;41;41;983;Grupo de Investigación Internacional en Informática, Comunicación y Gestión del Conocimiento;La Investigación En Ingeniería: Ciencia Y Tecnología De La Información Y Del Conocimiento;Colombia;978-958-8723-23-5;2011; JOSE NELSON PEREZ CASTILLO, JAIRO HUMBERTO TORREZ ACOSTA, VICTOR HUGO MEDINA GARCIA
42;42;42;983;Grupo de Investigación Internacional en Informática, Comunicación y Gestión del Conocimiento;Granular Computing: At The Junction Of Rough Sets And Fuzzy Sets;Cuba;978-3-540-76972-9;2009; RAFAEL ESTEBAN BELLO PEREZ
43;43;43;983;Grupo de Investigación Internacional en Informática, Comunicación y Gestión del Conocimiento;Rough Set Theory: A True Landmark In Data Analysis;Alemania;978-3-540-89920-4;2009; RAFAEL ESTEBAN BELLO PEREZ
44;44;44;983;Grupo de Investigación Internacional en Informática, Comunicación y Gestión del Conocimiento;Granular Computing: At The Junction Of Rough Sets And Fuzzy Sets;Alemania;978-3-540-76972-9;2008; RAFAEL ESTEBAN BELLO PEREZ
45;45;45;983;Grupo de Investigación Internacional en Informática, Comunicación y Gestión del Conocimiento;Bases De Datos En Ambiente Distribuido.;Cuba;978-959-250-365-6;2007; LUISA MANUELA GONZALEZ GONZALEZ
46;46;46;983;Grupo de Investigación Internacional en Informática, Comunicación y Gestión del Conocimiento;Manejo De Transacciones Centralizadas Y Distribuidas.;Cuba;978-959-250-364-9;2007; LUISA MANUELA GONZALEZ GONZALEZ
47;47;47;883;Grupo de Compatibilidad e Interferencia Electromagnética GCEM;Integración de recursos energéticos distribuidos en redes eléctricas de distribución;Colombia;978-958-49-4959-2;2021; EDWIN RIVAS TRUJILLO
48;48;48;883;Grupo de Compatibilidad e Interferencia Electromagnética GCEM;Compensación de potencia reactiva en sistemas de distribución: un enfoque formal basado en optimización matemática;Colombia;978-958-8862-83-5;2020; OSCAR DANILO MONTOYA GIRALDO, ALEJANDRO GARCES RUIZ, WALTER JULIAN GIL GONZALEZ, ANDRES ESCOBAR MEJIA
49;49;49;883;Grupo de Compatibilidad e Interferencia Electromagnética GCEM;GESTIÓN DE LA ENERGÍA: EL USUARIO DE ENERGÍA COMO PARTE ACTIVA DEL SISTEMA;Colombia;978-958-787-234-7;2020; EDWIN RIVAS TRUJILLO
50;50;50;883;Grupo de Compatibilidad e Interferencia Electromagnética GCEM;INDICADORES TIC PRINCIPALES INDICADORES Y MODELOS DE MEDICIÓN DE POLÍTICAS PÚBLICAS EN EL SECTOR DE LAS TECNOLOGÍAS DE LA INFORMACIÓN Y COMUNICACIONES - TIC;Colombia;978-958-787-075-6;2019; EDWIN RIVAS TRUJILLO
51;51;51;883;Grupo de Compatibilidad e Interferencia Electromagnética GCEM;INDICADORES TIC;Colombia;978-958-787-075-6;2019; EDWIN RIVAS TRUJILLO, OCTAVIO SALCEDO PARRA, JUAN MANUEL SANCHEZ CESPEDES
52;52;52;883;Grupo de Compatibilidad e Interferencia Electromagnética GCEM;Investigación de operaciones;Colombia;978-958- 787-074-9;2018; EDWIN RIVAS TRUJILLO
53;53;53;883;Grupo de Compatibilidad e Interferencia Electromagnética GCEM;Bases de datos en SQL Sevier;;9,78959E+12;2018; EDWIN RIVAS TRUJILLO
54;54;54;883;Grupo de Compatibilidad e Interferencia Electromagnética GCEM;Desarrollo, políticas y futuro de las microrredes inteligentes;Colombia;978-958-5434-94- 3;2018; EDWIN RIVAS TRUJILLO
55;55;55;883;Grupo de Compatibilidad e Interferencia Electromagnética GCEM;Java Básico;Colombia;978-958-771-542-2;2018; EDWIN RIVAS TRUJILLO
56;56;56;883;Grupo de Compatibilidad e Interferencia Electromagnética GCEM;Microrredes Eléctricas;Colombia;9,78959E+12;2016; EDWIN RIVAS TRUJILLO
57;57;57;883;Grupo de Compatibilidad e Interferencia Electromagnética GCEM;Microrredes eléctricas;Colombia;978-958-8897-79-0;2015; FRANCISCO SANTAMARIA PIEDRAHITA, ADOLFO ANDRES JARAMILLO MATTA, CESAR LEONARDO TRUJILLO RODRIGUEZ, EDWIN RIVAS TRUJILLO, ELVIS EDUARDO GAONA GARCIA, HERBERT ENRIQUE ROJAS CUBIDES, JOHANN ALEXANDER HERNANDEZ MORA, OSCAR DAVID FLOREZ CEDIEL, DIEGO JULIAN RODRIGUEZ PATARROYO
58;58;58;883;Grupo de Compatibilidad e Interferencia Electromagnética GCEM;Manual De Prácticas De Comunicaciones Con Analizador De Espectros;Colombia;978-958-8723-10-5;2011; EDWIN RIVAS TRUJILLO, JORGE ENRIQUE SALAMANCA, ADRIANA MARCELA VEGA ESCOBAR, ALVARO ESPINEL
59;59;59;15947;SIREC - Sistemas y Redes Cognitivas;Modelo de decisión espectral colaborativo para redes de radio cognitiva;Colombia;978-958-787-245-3;2020; DANILO ALFONSO LOPEZ SARMIENTO, DIEGO ARMANDO GIRAL RAMIREZ, CESAR AUGUSTO HERNANDEZ SUAREZ
60;60;60;15947;SIREC - Sistemas y Redes Cognitivas;Modelo de decisión espectral colaborativo para redes de radio cognitiva;Colombia;978-958-787-245-3;2020; CESAR AUGUSTO HERNANDEZ SUAREZ, DANILO ALFONSO LOPEZ SARMIENTO, DIEGO ARMANDO GIRAL RAMIREZ
61;61;61;15947;SIREC - Sistemas y Redes Cognitivas;Modelo de decisión espectral para redes de radio cognitiva;Colombia;978-958-787-152-4;2019; CRISTIAN CAMILO BERNAL ARIZA, CESAR AUGUSTO HERNANDEZ SUAREZ
62;62;62;15947;SIREC - Sistemas y Redes Cognitivas;A Multifractal Model for Cognitive Radio Networks;Colombia;978-958-787-137-1;2019; CESAR AUGUSTO HERNANDEZ SUAREZ, HANS IGOR LOPEZ CHAVEZ, LUIS MIGUEL TUBERQUIA DAVID
63;63;63;15947;SIREC - Sistemas y Redes Cognitivas;Modelo de predicción de la ocupación espectral para el análisis y diseño de redes de radio cognitiva;Colombia;978-958-787-049-7;2018; CESAR AUGUSTO HERNANDEZ SUAREZ, LUIS FERNANDO PEDRAZA MARTINEZ, LIZET CAMILA SALGADO FRANCO
64;64;64;15947;SIREC - Sistemas y Redes Cognitivas;Desarrollo, políticas y futuro de las microrredes inteligentes;Colombia;978-958-5434-94-3;2018; VICTOR ALFONSO GOMEZ SAAVEDRA, CESAR AUGUSTO HERNANDEZ SUAREZ, EDWIN RIVAS TRUJILLO
65;65;65;15947;SIREC - Sistemas y Redes Cognitivas;Modelo adaptativo multivariable de handoff espectral para incrementar el desempeño en redes móviles de radio cognitiva;Colombia;978-958-5434-01-1;2017; CESAR AUGUSTO HERNANDEZ SUAREZ, INGRID PATRICIA PAEZ PARRA, DIEGO ARMANDO GIRAL RAMIREZ
66;66;66;15947;SIREC - Sistemas y Redes Cognitivas;Modelo adaptativo multivariable de handoff espectral para incrementar el desempeño en redes móviles de radio cognitiva;Colombia;978-958-5434-01-1;2017; DIEGO ARMANDO GIRAL RAMIREZ, CESAR AUGUSTO HERNANDEZ SUAREZ
67;67;67;15947;SIREC - Sistemas y Redes Cognitivas;Modelo de asignación multicanal con equidad para la movilidad espectral en redes de radio cognitiva;Colombia;978-958-5434-26-6;2017; CESAR AUGUSTO HERNANDEZ SUAREZ, HANS RAUL MARQUEZ RAMOS, LUIS FERNANDO PEDRAZA MARTINEZ
68;68;68;15947;SIREC - Sistemas y Redes Cognitivas;Ocupación espectral y modelo de radio cognitiva para la ciudad de Bogotá;Colombia;978-958-8897-88-2;2016; CESAR AUGUSTO HERNANDEZ SUAREZ, LUIS FERNANDO PEDRAZA MARTINEZ
69;69;69;15947;SIREC - Sistemas y Redes Cognitivas;Discapacidad auditiva: tecnología para la inclusión social;Colombia;978-958-8897-02-8;2014; CESAR AUGUSTO HERNANDEZ SUAREZ, HANS RAUL MARQUEZ RAMOS
70;70;70;15947;SIREC - Sistemas y Redes Cognitivas;Calidad del servicio en la energía eléctrica residencial;Colombia;978-958-8782-37-9;2013; VICTOR ALFONSO GOMEZ SAAVEDRA, CESAR AUGUSTO HERNANDEZ SUAREZ, ROBIN ALEJANDRO PENA LOTE
71;71;71;1169;ARMOS - Arquitecturas Modernas para Sistemas de Alimentación;LOS RECURSOS DISTRIBUIDOS DE BIOENERGÍA EN COLOMBIA;Colombia;978-958-787-258-3;2020; CLARA INES BURITICA ARBOLEDA, FREDY HERNAN MARTINEZ SARMIENTO, GERMAN ARTURO LOPEZ MARTINEZ
72;72;72;1169;ARMOS - Arquitecturas Modernas para Sistemas de Alimentación;Los recursos distribuidos de bioenergía en Colombia;Colombia;978-958-787-259-0;2020; CLARA INES BURITICA ARBOLEDA, CARLOS ARTURO RAMIREZ ESCOBAR, GERMAN ARTURO LOPEZ MARTINEZ, RICARDO MORENO CHUQUEN, FREDY HERNAN MARTINEZ SARMIENTO, FABIO ALBERTO ALDANA MENDEZ
73;73;73;1169;ARMOS - Arquitecturas Modernas para Sistemas de Alimentación;La seguridad de abastecimiento eléctrico en mercados liberalizados;Colombia;978-958-787-077-0;2019; CLARA INES BURITICA ARBOLEDA, CARLOS ARTURO RAMIREZ ESCOBAR, CARLOS ALVAREZ BEL
74;74;74;1169;ARMOS - Arquitecturas Modernas para Sistemas de Alimentación;La seguridad de abastecimiento eléctrico en mercados liberalizados;Colombia;978-958-787-076-3;2019; CLARA INES BURITICA ARBOLEDA, CARLOS ARTURO RAMIREZ ESCOBAR, CARLOS ALVAREZ BEL
75;75;75;1169;ARMOS - Arquitecturas Modernas para Sistemas de Alimentación;Robótica Autónoma: Acercamientos A Algunos Problemas Centrales;Colombia;9,78959E+12;2015; FREDY HERNAN MARTINEZ SARMIENTO, DIEGO MAURICIO ACERO SOTO
76;76;76;1169;ARMOS - Arquitecturas Modernas para Sistemas de Alimentación;Discapacidad auditiva;Colombia;978-958-8897-02-8;2014; HANS RAUL MARQUEZ RAMOS, CESAR AUGUSTO HERNANDEZ SUAREZ
77;77;77;1169;ARMOS - Arquitecturas Modernas para Sistemas de Alimentación;Calidad del servicio en la energía eléctrica residencial;Colombia;978-958-8782-37-9;2013; CESAR AUGUSTO HERNANDEZ SUAREZ, VICTOR ALFONSO GOMEZ SAAVEDRA, ROBIN ALEJANDRO PENA LOTE
78;78;78;1169;ARMOS - Arquitecturas Modernas para Sistemas de Alimentación;Algunas Aplicaciones De La Lógica Difusa En El Control De Convertidores Dc/Dc;Colombia;978-958-8723-08-2;2011; FREDY HERNAN MARTINEZ SARMIENTO
79;79;79;871;Laboratorio de Investigación en Fuentes Alternativas de Energía (LIFAE);CONTROL Y GESTION PARA MICRORREDES ELÉCTRICAS BASADAS EN CONVERTIDORES DE POTENCIA;Colombia;978-958-49-5276-9;2022; NELSON LEONARDO DIAZ ALDANA, ADRIANA CAROLINA LUNA HERNANDEZ, CESAR LEONARDO TRUJILLO RODRIGEZ
80;80;80;871;Laboratorio de Investigación en Fuentes Alternativas de Energía (LIFAE);Control y gestión para microrredes eléctricas basadas en convertidores de potencia;Colombia;978-958-49-5277-6;2022; NELSON DIAZ ALDANA, ADRIANA CAROLINA LUNA HERNANDEZ, CESAR LEONARDO TRUJILLO RODRIGUEZ
81;81;81;871;Laboratorio de Investigación en Fuentes Alternativas de Energía (LIFAE);Cargadores de baterías de mediana y baja capacidad para vehículos eléctricos. Consideraciones preliminares de diseño;Colombia;978-958-787-301-6;2021; CESAR LEONARDO TRUJILLO RODRIGUEZ, JOHAN SEBASTIAN SANCHEZ CHOACHI, MIGUEL ANGEL DAVILA ROJAS
82;82;82;871;Laboratorio de Investigación en Fuentes Alternativas de Energía (LIFAE);Gestion y ciberseguridad para microrredes eléctricas residenciales;Colombia;978-958-78722-9-3;2020; CESAR LEONARDO TRUJILLO RODRIGUEZ
83;83;83;871;Laboratorio de Investigación en Fuentes Alternativas de Energía (LIFAE);Gestión Y CIberseguridad para microrredes Eléctricas residenciales;Colombia;978-958-787-228-6;2020; ELVIS EDUARDO GAONA GARCIA, CESAR LEONARDO TRUJILLO RODRIGEZ, DAVID GUSTAVO ROSERO BERNAL, NELSON LEONARDO DIAZ ALDANA
84;84;84;871;Laboratorio de Investigación en Fuentes Alternativas de Energía (LIFAE);EDUCACIÓN OCCIDENTAL... O EDUCACIÓN PROPIA UN DILEMA;Colombia;978-958-97075-8-6;2019; DIEGO JULIAN RODRIGUEZ PATARROYO, JESUS ESTEBAN BARRANTES CLAVIJO, FREDDY DIEGO SALGADO MARTINEZ
85;85;85;871;Laboratorio de Investigación en Fuentes Alternativas de Energía (LIFAE);Control de Microrredes Eléctricas Inteligentes;Colombia;978-958-5434-31-8;2017; CESAR LEONARDO TRUJILLO RODRIGUEZ, BILLY TORO, ELVIS EDUARDO GAONA GARCIA, EDUARDO ALIRIO MOJICA NAVA
86;86;86;871;Laboratorio de Investigación en Fuentes Alternativas de Energía (LIFAE);Microrredes Eléctricas;Colombia;978-958-8897-79-0;2015; JOHANN ALEXANDER HERNANDEZ MORA, CESAR LEONARDO TRUJILLO RODRIGUEZ, FRANCISCO SANTAMARIA PIEDRAHITA, ADOLFO ANDRES JARAMILLO MATTA, OSCAR DAVID FLOREZ CEDIEL, ELVIS EDUARDO GAONA GARCIA, EDWIN RIVAS TRUJILLO, HERBERT ENRIQUE ROJAS CUBIDES
87;87;87;871;Laboratorio de Investigación en Fuentes Alternativas de Energía (LIFAE);Microrredes Electricas;Colombia;978-958-8897-79-0;2015; CESAR LEONARDO TRUJILLO RODRIGUEZ, ADOLFO ANDRES JARAMILLO MATTA, EDWIN RIVAS TRUJILLO, ELVIS EDUARDO GAONA GARCIA, FRANCISCO SANTAMARIA PIEDRAHITA, HERBERT ENRIQUE ROJAS CUBIDES, JOHANN ALEXANDER HERNANDEZ MORA, OSCAR DAVID FLOREZ CEDIEL
88;88;88;871;Laboratorio de Investigación en Fuentes Alternativas de Energía (LIFAE);Diseño E Implementación De Controladores Inteligentes Para Vsc;España;978-3-8484-6990-1;2012; JOHANN ALEXANDER HERNANDEZ MORA, CESAR LEONARDO TRUJILLO RODRIGUEZ, NELSON DIAZ ALDANA
89;89;89;871;Laboratorio de Investigación en Fuentes Alternativas de Energía (LIFAE);Diseño De Coversores Electrónicos Para Redes De Distribución A Partir De Fuentes No Convencionales;Colombia;9,78959E+12;2012; RAFAEL ANTONIO PENA SUESCA, JAVIER GUACANEME MORENO, CESAR LEONARDO TRUJILLO RODRIGUEZ
90;90;90;871;Laboratorio de Investigación en Fuentes Alternativas de Energía (LIFAE);Diseño E Implementación De Controladores Inteligentes Para Vsc;España;978-3-8484-6990-1;2012; CESAR LEONARDO TRUJILLO RODRIGUEZ, NELSON LEONARDO DIAZ ALDANA, JOHANN ALEXANDER HERNANDEZ MORA
91;91;91;8838;GIDENUTAS;Modelo de predicción de la ocupación espectral para el análisis y diseño de redes de radio cognitiva;Colombia;978-958-787-049-7;2018; LUIS FERNANDO PEDRAZA MARTINEZ, CESAR AUGUSTO HERNANDEZ SUAREZ, LIZET CAMILA SALGADO FRANCO
92;92;92;8838;GIDENUTAS;Modelo de asignación multicanal con equidad para la movilidad espectral en redes de radio cognitiva;Colombia;978-958-5434-26-4;2017; LUIS FERNANDO PEDRAZA MARTINEZ, CESAR AUGUSTO HERNANDEZ SUAREZ, HANS MARQUEZ
93;93;93;8838;GIDENUTAS;Ocupación espectral y modelo de radio cognitiva para Bogotá;Colombia;978-958-8897-88-2;2016; LUIS FERNANDO PEDRAZA MARTINEZ, CESAR AUGUSTO HERNANDEZ SUAREZ, INGRID PAEZ, KATHERINE JOHANNA GALEANO ROMERO, ENRIQUE RODRIGUEZ
94;94;94;8838;GIDENUTAS;"Redes Inalámbricas Mesh ""Caso De Estudio: Ciudad Bolívar""";Colombia;978-958-8782-03-4;2012; LUIS FERNANDO PEDRAZA MARTINEZ
95;95;95;8838;GIDENUTAS;Sistema De Semaforización Inteligente;Alemania;978-3-8484-7788-3;2012; LUIS FERNANDO PEDRAZA MARTINEZ
96;96;96;13887;Comercio Electronico en Colombia - GICOECOL;Analítica de datos y rendimiento académico;Colombia;9,78959E+12;2023; GIOVANNY MAURICIO TARAZONA BERMUDEZ
97;97;97;13887;Comercio Electronico en Colombia - GICOECOL;Machine Learning aplicado al rendimiento académico en educación superior: factores, variables y herramientas;;9,78959E+12;2023; GIOVANNY MAURICIO TARAZONA BERMUDEZ
98;98;98;13887;Comercio Electronico en Colombia - GICOECOL;El nuevo reto: los datos abiertos en Colombia;Colombia;978-958-787-236-1;2020; LUZ ANDREA RODRIGUEZ ROJAS, GIOVANNY MAURICIO TARAZONA BERMUDEZ
99;99;99;13887;Comercio Electronico en Colombia - GICOECOL;Multidisciplinary Social Networks Research: 6th International Conference, MISNC 2019, Wenzhou, China, August 26-28, 2019, Revised Selected Papers;China;9811517584;2019; I HSIEN TING
100;100;100;13887;Comercio Electronico en Colombia - GICOECOL;Investigación en ingeniería apoyada por la gestión del conocimiento y la internet social;Colombia;978-958-787-081-7;2019; GIOVANNY MAURICIO TARAZONA BERMUDEZ
101;101;101;13887;Comercio Electronico en Colombia - GICOECOL;Modelo de gestión del conocimiento como apoyo a la gestión de proyectos;Colombia;978-958-787-097-8;2019; GIOVANNY MAURICIO TARAZONA BERMUDEZ
102;102;102;13887;Comercio Electronico en Colombia - GICOECOL;Handbook of IoT and Big Data;;042962493X;2019; VICENTE GARCIA DIAZ
103;103;103;13887;Comercio Electronico en Colombia - GICOECOL;Del Terrorismo al Conflicto Armado Interno;Colombia;978-958-749-573-7;2016; LEONEL GUSTAVO CACERES CACERES
104;104;104;13887;Comercio Electronico en Colombia - GICOECOL;Violencia Política y Justicia Transicional Desde el Derecho Internacional Humanitario;Colombia;978-958-749-574-4;2016; LEONEL GUSTAVO CACERES CACERES
105;105;105;13887;Comercio Electronico en Colombia - GICOECOL;Desarrollo de aplicaciones Android con APP Inventor Paso a Paso;Estados Unidos;978-1505583977;2014; VICENTE GARCIA DIAZ
106;106;106;13887;Comercio Electronico en Colombia - GICOECOL;Introducción al desarrollo robótico con ROS: Material didáctico de acompañamiento para el estudiante;Estados Unidos;978-1505661774;2014; VICENTE GARCIA DIAZ
107;107;107;13887;Comercio Electronico en Colombia - GICOECOL;Introducción rápida a la programación mediante un enfoque práctico: Aprende a programar;Estados Unidos;978-1500548704;2014; VICENTE GARCIA DIAZ
108;108;108;13887;Comercio Electronico en Colombia - GICOECOL;Handbook of Research on Innovations in Systems and Software Engineering;Estados Unidos;978-1466663596;2014; VICENTE GARCIA DIAZ
109;109;109;13887;Comercio Electronico en Colombia - GICOECOL;Creación de lenguajes textuales de dominio específico: Xtext;Estados Unidos;978-1500678067;2014; VICENTE GARCIA DIAZ
110;110;110;13887;Comercio Electronico en Colombia - GICOECOL;Diseño y programación de analizadores en Java con Java CC;Estados Unidos;978-1499786651;2014; VICENTE GARCIA DIAZ
111;111;111;13887;Comercio Electronico en Colombia - GICOECOL;Introducción a la creación de portales con Joomla 2.5;España;978-84-616-9393-1;2014; VICENTE GARCIA DIAZ
112;112;112;13887;Comercio Electronico en Colombia - GICOECOL;Introducción al desarrollo de Videojuegos en Android;España;978-84-697-0079-2;2014; VICENTE GARCIA DIAZ
113;113;113;13887;Comercio Electronico en Colombia - GICOECOL;Gestión del conocimiento en el Turismo de salud;España;84-69538-24-1;2013; LUZ ANDREA RODRIGUEZ ROJAS, VICTOR HUGO MEDINA GARCIA, GIOVANNY MAURICIO TARAZONA BERMUDEZ
114;114;114;13887;Comercio Electronico en Colombia - GICOECOL;Introducción A La Creación De Portales Con Liferay;España;978-84-616-5428-4;2013; VICENTE GARCIA DIAZ
115;115;115;13887;Comercio Electronico en Colombia - GICOECOL;Primeros Pasos Con Alfresco Share;España;978-84-695-8291-6;2013; VICENTE GARCIA DIAZ
116;116;116;13887;Comercio Electronico en Colombia - GICOECOL;The 3rd International Workshop on Intelligent Data Analysis and Management;República de China;978-94-007-7292-2;2013; I HSIEN TING
117;117;117;13887;Comercio Electronico en Colombia - GICOECOL;The 2nd International Workshop on Learning Technology for Education in Cloud;República de China;978-94-007-7307-3;2013; I HSIEN TING
118;118;118;13887;Comercio Electronico en Colombia - GICOECOL;The 8th International Conference On Knowledge Management In Organizations;República de China;978-94-007-7286-1;2013; I HSIEN TING
119;119;119;13887;Comercio Electronico en Colombia - GICOECOL;Modelo De Negocios Electrónicos Con Tecnologias Web 2.0  Caso De Estudio Pymes Colombianas;España;84-695-5239-2;2012; GIOVANNY MAURICIO TARAZONA BERMUDEZ, LUZ ANDREA RODRIGUEZ ROJAS
120;120;120;13887;Comercio Electronico en Colombia - GICOECOL;Modelo De Negocios Electrónicos Con Tecnologias Web 2.0  Caso De Estudio Pymes Colombianas;España;84-695-5239-2;2012; GIOVANNY MAURICIO TARAZONA BERMUDEZ, VICTOR HUGO MEDINA GARCIA, LUZ ANDREA RODRIGUEZ ROJAS
121;121;121;879;LABORATORIO DE AUTOMATICA, E INTELIGENCIA COMPUTACIONAL ( LAMIC);Algebra abstracta aplicada en ingeniería: casos de aplicación en sistemas difusos tipo 1 y tipo 2;Colombia;978-958-787-057-2;2018; JOSE JAIRO SORIANO MENDEZ
122;122;122;879;LABORATORIO DE AUTOMATICA, E INTELIGENCIA COMPUTACIONAL ( LAMIC);Aplicaciones De Graficación Con Matlab;Colombia;978-958-8817-02-6;2013; OMAR SALAZAR MORALES, LUIS JORGE DIAZ FUENTES, ALBA CONSUELO NIETO LEMUS, JOSE HUMBERTO SERRANO DEVIA
123;123;123;879;LABORATORIO DE AUTOMATICA, E INTELIGENCIA COMPUTACIONAL ( LAMIC);Modelamiento De Sistemas En Tiempo Real;Colombia;9588247705;2007; ALVARO BETANCOURT USCATEGUI
124;124;124;879;LABORATORIO DE AUTOMATICA, E INTELIGENCIA COMPUTACIONAL ( LAMIC);Infancia Y Ciudad En Bogotá. Una Mirada Desde Las Narrativas Populares Urbanas;Colombia;9588337305;2007; ALVARO BETANCOURT USCATEGUI, JOSE NOE POVEDA Z, IVAN GONZALEZ
125;125;125;879;LABORATORIO DE AUTOMATICA, E INTELIGENCIA COMPUTACIONAL ( LAMIC);Estudio Comparativo Y Evaluativo De Modelos En Línea En El Reconocimiento De La Escritura Manuscrita;Colombia;9588247691;2006; ALVARO BETANCOURT USCATEGUI
126;126;126;858;NIDE - Nucleo de Investigación en Datos Espaciales;Planning Support for School Admission: Towards Equal Opportunity for All. A case study in Florida.;Países Bajos;978-90-365-5514-2 ;2023; LYDIA MARLENY PRIETO LEON
127;127;127;858;NIDE - Nucleo de Investigación en Datos Espaciales;Análisis de patrones puntuales espaciales aplicado en sismicidad: Un acercamiento de la estadística espacial a las ciencias de la Tierra;España;978-620-2-24754-2;2018; DIANA ALEXANDRA RODRIGUEZ MIRANDA, MIGUEL ANGEL IZQUIERDO PEREZ, CARLOS EDUARDO MELO MARTINEZ, ANDRES CARDENAS CONTRERAS
128;128;128;858;NIDE - Nucleo de Investigación en Datos Espaciales;Fundamentos Teóricos Y Su Aplicación En Los Métodos De Potencial Geomagnético Y Gravimétrico - See More At: Http://Editorial.Udistrital.Edu.Co/Index.Php?Option=Com_Content&View=Article&Id=85&Itemid=92#Sthash.Ruargyoa.Dpuf;Colombia;9,78959E+12;2015; HECTOR JAVIER FUENTES LOPEZ, ANDRES CARDENAS CONTRERAS, LUIS ANTONIO CASTILLO LOPEZ
129;129;129;858;NIDE - Nucleo de Investigación en Datos Espaciales;Fundamentos Teóricos Y Su Aplicación En Los Métodos De Potencial Geomagnético Y Gravimétrico - See More At: Http://Editorial.Udistrital.Edu.Co/Index.Php?Option=Com_Content&View=Article&Id=85&Itemid=92#Sthash.Ruargyoa.Dpuf;Colombia;9,78959E+12;2014; ANDRES CARDENAS CONTRERAS, HECTOR JAVIER FUENTES LOPEZ, LUIS ANTONIO CASTILLO LOPEZ, JUAN CARLOS ACOSTA CHADY
130;130;130;858;NIDE - Nucleo de Investigación en Datos Espaciales;Inferring urban land use from remotely sensed imagery - Case study: Bogota, DC;Colombia;11-11111-77-7;2013; IVAN LIZARAZO SALCEDO
131;131;131;858;NIDE - Nucleo de Investigación en Datos Espaciales;Cross Media Innovations: Texts, Markets, Institutions, Education;Colombia;57-00000-00-8;2012; IVAN LIZARAZO SALCEDO
132;132;132;858;NIDE - Nucleo de Investigación en Datos Espaciales;Universidad Y Territorio En Colombia. Abordaje Teórico, Patrones De Implantación, Oferta-Demanda Y Desequilibrios Espaciales;Alemania;978-3-659-01010-1;2012; CARLOS HERNAN CASTRO ORTEGA
133;133;133;858;NIDE - Nucleo de Investigación en Datos Espaciales;Modelos hedónicos para inmuebles urbanos. Una aplicación a inmuebles residenciales y comerciales;España;978-3-8454-9479-1;2011; CARLOS EDUARDO MELO MARTINEZ
134;134;134;858;NIDE - Nucleo de Investigación en Datos Espaciales;Elementos básicos para la creación de atlas web turísticos;Colombia;978-958-8337-75-3;2010; LUZ ANGELA ROCHA SALAMANCA, ANDRES CARDENAS
135;135;135;858;NIDE - Nucleo de Investigación en Datos Espaciales;Elementos básicos para la creación de atlas web turísticos;Colombia;978-958-8337-75-3;2010; LUZ ANGELA ROCHA SALAMANCA, ANDRES CARDENAS CONTRERAS
136;136;136;858;NIDE - Nucleo de Investigación en Datos Espaciales;Fusion De Imagenes Satelitales Usando La Transformada De Wavelet;Colombia;958-8175-97-6;2004; RUBEN JAVIER MEDINA DAZA, IVAN LIZARAZO SALCEDO
137;137;137;9868;MULTIMEDIA INTERACTIVA Y ANIMACIÓN DIGITAL;Enriquecimiento de recursos educativos: un enfoque aplicado a la web semántica y datos abiertos;;978-958-4952783;2022; PAULO ALONSO GAONA GARCIA, CARLOS ENRIQUE MONTENEGRO MARIN, JHON FRANCINED HERRERA CUBIDES
138;138;138;9868;MULTIMEDIA INTERACTIVA Y ANIMACIÓN DIGITAL;Modelo de comunicación basado en IoT para la transmisión de datos de estaciones meteorológicas.;Colombia;978-958-787-256-9;2020; CARLOS ENRIQUE MONTENEGRO MARIN, PAULO ALONSO GAONA GARCIA
139;139;139;9868;MULTIMEDIA INTERACTIVA Y ANIMACIÓN DIGITAL;Aplicación inmersiva para el consumo de recursos digitales basada en navegación por ontologías como estrategia de interacción;Colombia;978-958-787-249-1;2020; PAULO ALONSO GAONA GARCIA, JHON FRANCINED HERRERA CUBIDES, CARLOS ENRIQUE MONTENEGRO MARIN
140;140;140;9868;MULTIMEDIA INTERACTIVA Y ANIMACIÓN DIGITAL;Redes neuronales convolucionales usando Keras y acelerando con GPU;Colombia;978-958-78723-2-3;2020; ANDRES OVIDIO RESTREPO RODRIGUEZ, NELSON ENRIQUE VERA PARRA, RUBEN JAVIER MEDINA DAZA
141;141;141;9868;MULTIMEDIA INTERACTIVA Y ANIMACIÓN DIGITAL;Entornos De Búsquedas Navegacionales A Partir De Esquemas De Representación De Conocimiento;Colombia;9,78959E+12;2018; PAULO ALONSO GAONA GARCIA, CARLOS ENRIQUE MONTENEGRO MARIN, DAVID MARTIN MONCUNILL
142;142;142;9868;MULTIMEDIA INTERACTIVA Y ANIMACIÓN DIGITAL;Mecanismos de exploración de recursos sobre Linked Open Data mediante principios de seguridad;Colombia;978-958-5434-39-4;2017; PAULO ALONSO GAONA GARCIA, DAVID MARTIN MONCUNILL, CARLOS ENRIQUE MONTENEGRO MARIN
143;143;143;9868;MULTIMEDIA INTERACTIVA Y ANIMACIÓN DIGITAL;Ingenieria Dirigida por modelos y casos prácticos;Colombia;9,78959E+12;2017; CARLOS ENRIQUE MONTENEGRO MARIN
144;144;144;9868;MULTIMEDIA INTERACTIVA Y ANIMACIÓN DIGITAL;El Matadero Municipal y la Plaza de Ferias de Bogotá 1924-1934;Colombia;978-958-883224;2014; CARLOS ARTURO REINA RODRIGUEZ
145;145;145;9868;MULTIMEDIA INTERACTIVA Y ANIMACIÓN DIGITAL;El Matadero Municipal y la Plaza de Ferias de Bogotá 1924-1934;Colombia;978-958-883224;2014; CARLOS ARTURO REINA RODRIGUEZ
146;146;146;9868;MULTIMEDIA INTERACTIVA Y ANIMACIÓN DIGITAL;Historia Juventudes y Política: de la escuela republicana del siglo XIX a las élites políticas del siglo XX;Colombia;9789588;2014; CARLOS ARTURO REINA RODRIGUEZ, LUISA FERNANDA CORTES NAVARRO
147;147;147;888;GRUPO ADQUISICIÓN Y REPRESENTACIÓN DEL CONOCIMIENTO - SISTEMAS EXPERTOS Y SIMULACIÓN (ARCO SES);El problema del desempleo y la informalidad en Colombia;Colombia;978-958-5434-65-3;2017; GERMAN MENDEZ GIRALDO, EDUYN RAMIRO LOPEZ SANTANA, ADRIANA AVILA
148;148;148;888;GRUPO ADQUISICIÓN Y REPRESENTACIÓN DEL CONOCIMIENTO - SISTEMAS EXPERTOS Y SIMULACIÓN (ARCO SES);Modelo de madurez para la capacidad de la enseñanza en ingeniería;Colombia;978-958-8972-87-9;2017; VICTOR MEDINA, GERMAN MENDEZ GIRALDO, SANDRO JAVIER BOLANOS CASTRO
149;149;149;888;GRUPO ADQUISICIÓN Y REPRESENTACIÓN DEL CONOCIMIENTO - SISTEMAS EXPERTOS Y SIMULACIÓN (ARCO SES);Applied Computer Sciences in Engineering;Alemania;978-3-319-50880-1;2016; JUAN CARLOS FIGUEROA GARCIA, EDUYN RAMIRO LOPEZ SANTANA, ROBERTO FERRO ESCOBAR
150;150;150;888;GRUPO ADQUISICIÓN Y REPRESENTACIÓN DEL CONOCIMIENTO - SISTEMAS EXPERTOS Y SIMULACIÓN (ARCO SES);Problema social de la corrupción Perspectiva desde la dinámica de sistemas ;Colombia;9,78959E+12;2016; GERMAN MENDEZ GIRALDO, EDUYN LOPEZ
151;151;151;888;GRUPO ADQUISICIÓN Y REPRESENTACIÓN DEL CONOCIMIENTO - SISTEMAS EXPERTOS Y SIMULACIÓN (ARCO SES);Introducción a la simulación discreta;Colombia;978-958-8832-97-5;2015; LINDSAY ALVAREZ POMAR, GERMAN ANDRES MENDEZ GIRALDO
152;152;152;888;GRUPO ADQUISICIÓN Y REPRESENTACIÓN DEL CONOCIMIENTO - SISTEMAS EXPERTOS Y SIMULACIÓN (ARCO SES);El problema de la calidad de vida en el sector floricultor de Colombia;Colombia;978-958-8832-05-0;2014; GERMAN MENDEZ GIRALDO, FELIPE DUARTE, SONIA TORRES, PEDRO VERA
153;153;153;888;GRUPO ADQUISICIÓN Y REPRESENTACIÓN DEL CONOCIMIENTO - SISTEMAS EXPERTOS Y SIMULACIÓN (ARCO SES);Sistema experto para la programación de la producción - investigación y desarrollo de un prototipo;Colombia;978-958-8782-42-3;2013; LINDSAY ALVAREZ POMAR, GERMAN ANDRES MENDEZ GIRALDO
154;154;154;888;GRUPO ADQUISICIÓN Y REPRESENTACIÓN DEL CONOCIMIENTO - SISTEMAS EXPERTOS Y SIMULACIÓN (ARCO SES);Aplicación De La Dinámica Del Sistema Para Caracterizar Y Recomendar Soluciones A Problemas Sociales En Colombia;Colombia;978-958-8723-71-6;2012; GERMAN MENDEZ GIRALDO
155;155;155;888;GRUPO ADQUISICIÓN Y REPRESENTACIÓN DEL CONOCIMIENTO - SISTEMAS EXPERTOS Y SIMULACIÓN (ARCO SES);Programación De Tareas Scheduling;Colombia;978-958-8337-84-5;2011; GERMAN MENDEZ GIRALDO
156;156;156;888;GRUPO ADQUISICIÓN Y REPRESENTACIÓN DEL CONOCIMIENTO - SISTEMAS EXPERTOS Y SIMULACIÓN (ARCO SES);Diseño de Prototipo Diagnóstico para la PyME;Colombia;9598175984;2004; LINDSAY ALVAREZ POMAR, GERMAN ANDRES MENDEZ GIRALDO
157;157;157;888;GRUPO ADQUISICIÓN Y REPRESENTACIÓN DEL CONOCIMIENTO - SISTEMAS EXPERTOS Y SIMULACIÓN (ARCO SES);MODELO DE GESTION DEL PROTOTIPO DE TELEEDUCACION EN LA PRODUCCION DE MDC;Colombia;;2002; GERMAN MENDEZ GIRALDO
158;158;158;888;GRUPO ADQUISICIÓN Y REPRESENTACIÓN DEL CONOCIMIENTO - SISTEMAS EXPERTOS Y SIMULACIÓN (ARCO SES);MODELO PEDAGOGICO DIDACTICO DE TELEEDUCACION;Colombia;;2002; GERMAN MENDEZ GIRALDO
159;159;159;888;GRUPO ADQUISICIÓN Y REPRESENTACIÓN DEL CONOCIMIENTO - SISTEMAS EXPERTOS Y SIMULACIÓN (ARCO SES);MODELO CURRICULAR DE TELEEDUCACION Producción de Material Didáctico Computarizado;Colombia;;2002; GERMAN MENDEZ GIRALDO
160;160;160;888;GRUPO ADQUISICIÓN Y REPRESENTACIÓN DEL CONOCIMIENTO - SISTEMAS EXPERTOS Y SIMULACIÓN (ARCO SES);MODELO TECNOLOGICO DE TELEEDUCACIÓN;Colombia;;2002; GERMAN MENDEZ GIRALDO
161;161;161;888;GRUPO ADQUISICIÓN Y REPRESENTACIÓN DEL CONOCIMIENTO - SISTEMAS EXPERTOS Y SIMULACIÓN (ARCO SES);Sistemas Cooperativos Asistidos Para La Programación De La Producción En La Industria Manufacturera Colombiana. Universidad Distrital. Centro De Investigaciones Y Desarrollo Científico;Colombia;958-9160-86-7;2001; GERMAN MENDEZ GIRALDO
162;162;162;5315;Laboratorio de Investigación y desarrollo en Electrónica y Redes (LIDER);INTRODUCCIÓN A GRANJAS INTELIGENTES Y GENERACIÓN DE ENERGÍA ELÉCTRICA PARA HACER FRENTE AL CAMBIO CLIMÁTICO EN LA REGIÓN ANDINA;Colombia;978-958-49-4954-7;2021; ROBERTO FERRO ESCOBAR, EDGAR ALIRIO AGUIRRE BUENAVENTURA, HERNAN PAZ PENAGOS
163;163;163;5315;Laboratorio de Investigación y desarrollo en Electrónica y Redes (LIDER);INTRODUCCIÓN A GRANJAS INTELIGENTES Y GENERACIÓN DE ENERGÍA ELÉCTRICA PARA HACER FRENTE AL CAMBIO CLIMÁTICO EN LA REGIÓN ANDINA;;978-958-49-4953-0;2021; EDGAR ALIRIO AGUIRRE BUENAVENTURA
164;164;164;5315;Laboratorio de Investigación y desarrollo en Electrónica y Redes (LIDER);Introducción a la investigación sobre desastres naturales y ciudades inteligentes;Colombia;978-958-787-244-6;2020; EDGAR ALIRIO AGUIRRE BUENAVENTURA, ROBERTO FERRO ESCOBAR, RICARDO ALIRIO GONZALEZ BUSTAMANTE
165;165;165;5315;Laboratorio de Investigación y desarrollo en Electrónica y Redes (LIDER);INTRODUCCION A LA INVESTIGACIÓN SOBRE DESASTRES NATURALES Y CIUDADES INTELIGENTES;Colombia;978-958-787-244-6;2020; ROBERTO FERRO ESCOBAR, RICARDO ALIRIO GONZALEZ BUSTAMANTE, EDGAR ALIRIO AGUIRRE BUENAVENTURA
166;166;166;5315;Laboratorio de Investigación y desarrollo en Electrónica y Redes (LIDER);Integración de subsistemas, análisis y pruebas del picosatélite CUBESAT-UD Colombia-1;Colombia;978-958-787-068-8 I;2019; ANDRES JULIAN MORENO MORENO, LILIA EDITH APARICIO PICO, CAMILO ANDRES SANCHEZ OVALLE
167;167;167;5315;Laboratorio de Investigación y desarrollo en Electrónica y Redes (LIDER);Cloud Computing;Colombia;978-958-8191-47-8;2016; ROBERTO FERRO ESCOBAR, HUGO FRANCO TRIANA, JORGE EDUARDO PORTELA GARCIA
168;168;168;5315;Laboratorio de Investigación y desarrollo en Electrónica y Redes (LIDER);Investigacióny Desarrollo de Servicios de Streaming Multicast basado en IPv6;Colombia;978-958-8897-62-2;2015; CARLOS ANDRES MARTINEZ ALAYON, ROBERTO FERRO ESCOBAR, DANILO ALFONSO LOPEZ SARMIENTO
169;169;169;5315;Laboratorio de Investigación y desarrollo en Electrónica y Redes (LIDER);Investigación y desarrollo de servicios Streaming Multicast basado en IPv6;Colombia;978-958-8897-62-2;2015; ROBERTO FERRO ESCOBAR, CARLOS ANDRES MARTINEZ ALAYON, DANILO ALFONSO LOPEZ SARMIENTO
170;170;170;5315;Laboratorio de Investigación y desarrollo en Electrónica y Redes (LIDER);Investigación y desarrollo de servicios Streaming Multicast basado en IPv6;Colombia;978-958-8897-62-2;2015; ROBERTO FERRO ESCOBAR, CARLOS ANDRES MARTINEZ ALAYON, DANILO ALFONSO LOPEZ SARMIENTO
171;171;171;5315;Laboratorio de Investigación y desarrollo en Electrónica y Redes (LIDER);Modelamiento De Tráfico En Series De Tiempo Para Redes De Datos (3 Autores);Colombia;978-3-659-02100-8;2012; DANILO ALFONSO LOPEZ SARMIENTO
172;172;172;3328;Internet Inteligente;Investigación de Operaciones;Colombia;9,78959E+12;2019; OCTAVIO SALCEDO PARRA
173;173;173;3328;Internet Inteligente;Indicadores TIC;Colombia;978-958-787-075-6;2019; OCTAVIO SALCEDO PARRA, EDWIN RIVAS TRUJILLO, JUAN MANUEL SANCHEZ CESPEDES
174;174;174;3328;Internet Inteligente;Filosofía Y Teoría Política;Colombia;958-8791-80-9;2014; OCTAVIO SALCEDO PARRA
175;175;175;3328;Internet Inteligente;Uitlización De Herramientas Gratuitas Que Permitan Evaluar La Calidad Del Servicio En Redes Mpls (3 Autores);Colombia;978-84-686-1292-8;2012; OCTAVIO SALCEDO PARRA
176;176;176;3328;Internet Inteligente;Eficiencia De La Qos Ip Con Opnet (3 Autores);Colombia;978-84-686-1247-8;2012; DANILO ALFONSO LOPEZ SARMIENTO, JORGE ENRIQUE SALAMANCA CESPEDES, JOSE OCTAVIO SALCEDO PARRA
177;177;177;3328;Internet Inteligente;Modelo Multivariable De Tráfico Para Una Red De Datos Wi-Fi;Alemania;978-3-659-03822-8;2012; LUIS FERNANDO PEDRAZA MARTINEZ
178;178;178;3328;Internet Inteligente;Modelo Multivariable de Tráfico para una Red de Datos Wi-Fi;Alemania;978-3-659-03822-8;2012; CESAR AUGUSTO HERNANDEZ SUAREZ, LUIS FERNANDO PEDRAZA MARTINEZ
179;179;179;3328;Internet Inteligente;Modelamiento de Tráfico en Series de Tiempo para Redes de Datos;Alemania;978-3-659-02100-8;2012; CESAR AUGUSTO HERNANDEZ SUAREZ, OCTAVIO JOSE SALCEDO PARRA
180;180;180;3328;Internet Inteligente;Modelamiento De Tráfico En Series De Tiempo Para Redes De Datos (3 Autores);Colombia;978-3-659-02100-8;2012; OCTAVIO SALCEDO PARRA
181;181;181;3328;Internet Inteligente;Uitlización De Herramientas Gratuitas Que Permitan Evaluar La Calidad Del Servicio En Redes Mpls (3 Autores);Colombia;978-84-686-1292-8;2011; DANILO ALFONSO LOPEZ SARMIENTO, LUIS FERNANDO PEDRAZA, JOSE OCTAVIO SALCEDO PARRA
182;182;182;3328;Internet Inteligente;Estructuras De Datos Un Enfoque Orientado A Java;Colombia;978-958-9244-10-4;2006; DANIEL JOSE SALAS ALVAREZ, LEONARDO BERDELLA, LUIS ROBERTO OLASCOAGA
183;183;183;3328;Internet Inteligente;Estructuras De Datos Un Enfoque Orientado A Java;Colombia;978-958-9244-10-4;2006; DANIEL JOSE SALAS ALVAREZ, LEONARDO BERDELLA, LUIS ROBERTO OLASCOAGA
184;184;184;3328;Internet Inteligente;Modelo De Produccion De Cursos Virtuales De Aprendizaje;Colombia;978-958-9244-08-1;2006; DANIEL JOSE SALAS ALVAREZ, HAROLD BULA HERAZO, MARIO MACEA ANAYA
185;185;185;3328;Internet Inteligente;Modelo De Produccion De Cursos Virtuales De Aprendizaje;Colombia;978-958-9244-08-1;2006; DANIEL JOSE SALAS ALVAREZ, HAROLD BULA HERAZO, MARIO MACEA ANAYA
186;186;186;3328;Internet Inteligente;Ingenieria Hipermedia Educativa;Colombia;9,78959E+12;2005; DANIEL JOSE SALAS ALVAREZ, HAROLD BULA HERAZO, PIERRE PENA SALGADO
187;187;187;6176;Grupo de Radiación Electromagnética y Comunicaciones Ópticas - GRECO (LIMER);Fundamentos para el análisis y diseño de agrupaciones de antenas;Colombia;978-958-5434-43-1;2017; CARLOS ARTURO SUAREZ FAJARDO
188;188;188;6176;Grupo de Radiación Electromagnética y Comunicaciones Ópticas - GRECO (LIMER);Fotónica de microondas y procesado todo-óptico aplicados a la conmutación de paquetes ópticos;Colombia;9,78959E+12;2017; GUSTAVO ADOLFO PUERTO LEGUIZAMON
189;189;189;6176;Grupo de Radiación Electromagnética y Comunicaciones Ópticas - GRECO (LIMER);Introducción al análisis y diseño de antenas planas y sus aplicaciones;Colombia;978-958-8972-95-4;2017; CARLOS ARTURO SUAREZ FAJARDO
190;190;190;6176;Grupo de Radiación Electromagnética y Comunicaciones Ópticas - GRECO (LIMER);Redes ópticas de acceso convergente;Colombia;9,78959E+12;2016; GUSTAVO ADOLFO PUERTO LEGUIZAMON
191;191;191;6176;Grupo de Radiación Electromagnética y Comunicaciones Ópticas - GRECO (LIMER);Redes De Conmutación De Paquetes Ópticos Basados En El Intercambio De Etiquetas Multiplexadas Por Subportadora;España;978-84-694-3197-9;2008; GUSTAVO ADOLFO PUERTO LEGUIZAMON
192;192;192;11127;IDEAS;Arquitecturas de Red Neuro-convolucional para Aplicaciones de Robótica Asistencial;Colombia;978-958-787-237-8;2020; DIANA MARCELA OVALLE MARTINEZ
193;193;193;11127;IDEAS;A Multifractal Model for Cognitive Radio Networks;Colombia;978-958-787-137-1;2019; HANS IGOR LOPEZ CHAVEZ, LUIS MIGUEL TUBERQUIA DAVID, CESAR AUGUSTO HERNANDEZ SUAREZ
194;194;194;877;GITUD;GESTIÓN Y CIBERSEGURIDAD PARA MICRORREDES ELÉCTRICAS RESIDENCIALES;Colombia;978-958-787-228-6;2020; ELVIS EDUARDO GAONA GARCIA, CESAR LEONARDO TRUJILLO RODRIGUEZ, EDUARDO ALIRIO MOJICA NAVA
195;195;195;877;GITUD;Control de Microrredes Eléctricas Inteligentes;Colombia;9,78959E+12;2017; ELVIS EDUARDO GAONA GARCIA, CESAR LEONARDO TRUJILLO RODRIGUEZ, BILLY WLADIMIR TORO TOVAR, EDUARDO ALIRIO MOJICA NAVA
196;196;196;877;GITUD;Diseño y construcción del módulo de control central del CubeSat UD e implementación de AX.25;Colombia;978-958-8897-55-4 ;2015; ELVIS EDUARDO GAONA GARCIA, JOSE DE JESUS PATERNINA ANAYA, JORGE ENRIQUE SALAMANCA CESPEDES
197;197;197;877;GITUD;Derivas De Complejidad. Aplicaciones Y Mediciones;Colombia;978-958-738-271-6;2013; MARCO AURELIO ALZATE MONROY
198;198;198;15041;Laboratorio de Automatización, Sistemas Embebidos y Robótica - LASER;DETECCIÓN Y CORRECCIÓN DE PROPAGACIONES ANÓMALAS EN RADARES METEOROLÓGICOS;Colombia;978-958-787-239-2;2020; ERNESTO GOMEZ VARGAS
199;199;199;15041;Laboratorio de Automatización, Sistemas Embebidos y Robótica - LASER;DETECCIÓN Y CORRECCIÓN DE PROPAGACIONES ANÓMALAS EN RADARES METEOROLÓGICOS;Colombia;9,78959E+12;2020; CESAR ANDREY PERDOMO CHARRY
200;200;200;15041;Laboratorio de Automatización, Sistemas Embebidos y Robótica - LASER;PROYECTOS PRACTICOS CON PSoC5LP;Colombia;9,78959E+12;2019; CESAR ANDREY PERDOMO CHARRY
201;201;201;15041;Laboratorio de Automatización, Sistemas Embebidos y Robótica - LASER;Calidad geométrica en el mecanizado de PEEK, aplicaciones médicas;España;978-620-2-23102-2;2017; MARTHA PATRICIA CALVO CORREA
202;202;202;15041;Laboratorio de Automatización, Sistemas Embebidos y Robótica - LASER;Sistema de Simulación del Flujo de partículas ionizadas penetrantes para el picosatélite Cubesat UD;Colombia;978-958-8972-85-5;2017; ERNESTO GOMEZ VARGAS, LILIA EDITH APARICIO PICO, SERGIO ENRIQUE HERNANDEZ RUBIO
203;203;203;15041;Laboratorio de Automatización, Sistemas Embebidos y Robótica - LASER;Introducción al PSoC5LP teoría y aplicaciones prácticas;Colombia;9,78959E+12;2016; CESAR ANDREY PERDOMO CHARRY
204;204;204;891;GESTIÓN, EMPRENDIMIENTO, INNOVACIÓN Y TECNOLOGÍA, GEIT;Formación profesional y Creación de Empresas de Base Tecnológica;Colombia;978-958-59872-0-3;2017; SUSANA DEL PILAR SANDOVAL CANTOR
205;205;205;891;GESTIÓN, EMPRENDIMIENTO, INNOVACIÓN Y TECNOLOGÍA, GEIT;Outsourcing de Servicios de Investigación y Desarrollo, ¿oportunidad para la economía Colombiana?;Colombia;978-958-59872-2-7;2017; MARIA EUGENIA CALDERON, JOSE RAMIRO BERTIERI QUINTERO
206;206;206;891;GESTIÓN, EMPRENDIMIENTO, INNOVACIÓN Y TECNOLOGÍA, GEIT;Outsourcing de Servicios de Investigación y Desarrollo, ¿oportunidad para la economía colombiana?;Colombia;978-958-59872-2-7;2017; JOSE RAMIRO BERTIERI, MARIA EUGENIA CALDERON
207;207;207;891;GESTIÓN, EMPRENDIMIENTO, INNOVACIÓN Y TECNOLOGÍA, GEIT;Aprendizajes sobre trabajos de grado. Una experiencia de la educación en ingeniería por ciclos;Colombia;978-958-8972-45-9;2016; RUTH ESPERANZA ROMAN CASTILLO, YENY ANDREA NINO VILLAMIZAR, NEVIS BALANTA CASTILLA
208;208;208;891;GESTIÓN, EMPRENDIMIENTO, INNOVACIÓN Y TECNOLOGÍA, GEIT;Análisis de un prototipo orientado en web semántica para la catalogación de especies como apoyo a la investigación científica y al sector productivo empresarial en biodiversidad;Colombia;T 025.0427 B17a;2010; MARLA CONSTANZA BARRERA BOTERO
209;209;209;891;GESTIÓN, EMPRENDIMIENTO, INNOVACIÓN Y TECNOLOGÍA, GEIT;El Trabajo En Equipo Teoría Y Casos De Aplicación;Colombia;978-9588-24-794-2;2007; FABIOLA SAENZ BLANCO
210;210;210;891;GESTIÓN, EMPRENDIMIENTO, INNOVACIÓN Y TECNOLOGÍA, GEIT;Agenda Regional De Ciencia Tecnologia E Innovacion Para Bogota Y Cundinamarca;Colombia;978-958-8247-74-8;2006; JOSE RAMIRO BERTIERI QUINTERO, EDGAR SIMBAQUEBA, JOSE LUIS VILLAVECES CARDOSO, GLORIA FIGUEROA, MARIA EUGENIA CALDERON
211;211;211;891;GESTIÓN, EMPRENDIMIENTO, INNOVACIÓN Y TECNOLOGÍA, GEIT;Portafolio De Grupos De Investigacion;Colombia;978-958-8247-71-7;2006; JOSE RAMIRO BERTIERI QUINTERO, MARIA EUGENIA CALDERON
212;212;212;891;GESTIÓN, EMPRENDIMIENTO, INNOVACIÓN Y TECNOLOGÍA, GEIT;Diseño Conceptual De Productos Asistido Por Ordenador: Un Estudio Analítico Sobre Aplicaciones Y Definición De La Estructura De Un Nuevo Programa;España;8468931527;2005; JAIRO CHAUR BERNAL
213;213;213;940;AQUAFORMAT;Ingeniería Ambiental. Aplicaciones de coagulantes en el tratamiento del agua para consumo humano, un enfoque en el uso sostenible de coagulantes naturales;Colombia;978-958-771-961-1;2020; JUAN PABLO RODRIGUEZ MIRANDA, YIM RODRIGUEZ DIAZ, JUAN DAVID HERRERA GALVIZ, JUAN CARLOS HERNANDEZ CRIADO
214;214;214;940;AQUAFORMAT;Hidrologia en la ingeniería forestal;Colombia; 978-958-787-122-7;2019; CARLOS GARCIA OLMOS
215;215;215;940;AQUAFORMAT;Ingeniería ambiental: analisis ambiental aplicado a la tratabilidad del agua;Colombia;9,78959E+12;2019; JUAN PABLO RODRIGUEZ MIRANDA, ANGIE ROCIO CIFUENTES CETINA, CESAR AUGUSTO GARCIA UBAQUE
216;216;216;940;AQUAFORMAT;Ingeniería ambiental: un analisis ambiental aplicado a la calidad del agua;Colombia;9,78959E+12;2019; JUAN PABLO RODRIGUEZ MIRANDA, CESAR AUGUSTO GARCIA UBAQUE, JOAHAN KATHERINE AVILA VIATELA
217;217;217;940;AQUAFORMAT;Modelo de aprovechamiento sustentable de residuos sólidos orgánicos: Colombia;Alemania;978-620-2-23077-3;2017; SOLANYI CASTANEDA TORRES
218;218;218;940;AQUAFORMAT;Fundamentos y Aplicaciones de las Tecnologías con membranas en el tratamiento de aguas;Colombia;978-958-8897-95-0;2016; CARLOS GARCIA OLMOS
219;219;219;940;AQUAFORMAT;Diseño Y Evaluación De Un Sedimentador Sedhelcon Y Reactor Biológico Aeróbico Floricarrfp En Planta Piloto Para Tratamiento De Aguas Residuales;Colombia;9,78959E+12;2013; JUAN PABLO RODRIGUEZ MIRANDA
220;220;220;940;AQUAFORMAT;Algebra Lineal En El Procesamiento Digital De Imagenes;Colombia;978-958-8337-86-9;2010; ORLANDO RIANO MELO
221;221;221;940;AQUAFORMAT;#¿NOMBRE?;Colombia;;1999; GONZALO DE LAS SALAS FLOREZ
222;222;222;902;GITEM++;Laboratorio de telesalud y telemedicina. Un modelo para implementar;Colombia;978-958-787-175-3;2020; LILIA EDITH APARICIO PICO
223;223;223;902;GITEM++;OpenSITEM Caracterización de nodos en redes de telesalud;Colombia;978-958-787-113-5;2019; PAULO CESAR CORONADO SANCHEZ, LILIA EDITH APARICIO PICO
224;224;224;902;GITEM++;Modelo de integración de servicios para el sistema de salud en Colombia;Colombia;978-958-787-123-4;2019; ALEXANDRA MARIA LOPEZ SEVILLANO, LILIA EDITH APARICIO PICO
225;225;225;902;GITEM++;Turbocódigos;Colombia;978-958-787-100-5;2019; LILIA EDITH APARICIO PICO
226;226;226;902;GITEM++;Integración de subsistemas, análisis y pruebas del picosatélite Cubesat-UD Colombia-1;Colombia;978-958-787-068-8;2019; LILIA EDITH APARICIO PICO, ANDRES JULIAN MORENO MORENO, CAMILO ANDRES SANCHEZ OVALLE
227;227;227;902;GITEM++;Sistema de simulación del flujo de particulas para el picosatélite CubeSat UD;Colombia;978-958-8972-85-5;2017; LILIA EDITH APARICIO PICO, ERNESTO GOMEZ VARGAS
228;228;228;902;GITEM++;Diseño y construcción del módulo de control central del cubesat UD e implementación de AX.25;Colombia;978-958-8897-55-4;2015; JORGE ENRIQUE SALAMANCA CESPEDES
229;229;229;902;GITEM++;Introducción al posicionamiento con Técnicas Satelitales Geodesia;Colombia;978-958-99198-2-8;2013; MIGUEL ANTONIO AVILA ANGULO, JAIME ANTONIO BENITEZ FORERO, JULIAN ROLANDO CAMARGO LOPEZ
230;230;230;902;GITEM++;Cálculo Integral Orientado a Cursos de Formación en Topografía;Colombia;978-958-99198-1-1;2013; MIGUEL ANTONIO AVILA ANGULO, RUBEN JAVIER MEDINA DAZA
231;231;231;902;GITEM++;Diseño Del Modulo De Potencia Para Un Pico Satelite;Colombia;978-958-8782-36-2;2013; JORGE ENRIQUE SALAMANCA CESPEDES
232;232;232;902;GITEM++;Transformación Ambiental Del Espacio Urbano;Colombia;978-3-8465-6504-9;2013; CARLOS AMAYA CORREDOR, MIGUEL ANTONIO AVILA ANGULO
233;233;233;902;GITEM++;Técnica De Seudo Campos Para La Gestión Del Riesgo En Colombia;Colombia;978-3-8454-9718-1;2012; ANGEL ANDRES FORERO TORRES, MIGUEL ANTONIO AVILA ANGULO
234;234;234;902;GITEM++;Sistema De Control Pasivo De Orientación Para Un Picosatélite;Colombia;978-3-659-06432-6;2012; JORGE ENRIQUE SALAMANCA CESPEDES
235;235;235;902;GITEM++;Sistema De Control Pasivo De Orientación Para Un Picosatélite;Colombia;978-3-659-06432-6;2012; JORGE SALAMANCA CESPEDES, MIGUEL ANTONIO AVILA ANGULO, ELVIS EDUARDO GAONA
236;236;236;902;GITEM++;Calculo De Mapas De Seudo Gravedad Y Seudomagnetismo;Colombia;978-3-659-06369-5;2012; LEONARDO PLAZAS NOSA, MIGUEL ANTONIO AVILA ANGULO, JORGE SALAMANCA CESPEDES
237;237;237;902;GITEM++;Conceptos Y Fundamentos De Simulación Digital;Colombia;978-958-8723-46-4;2012; LEONARDO PLAZAS NOSSA
238;238;238;902;GITEM++;Diseño Del Modulo De Potencia Para Un Pico Satelite;Colombia;978-958-8782-36-2;2012; MIGUEL ANTONIO AVILA ANGULO
239;239;239;902;GITEM++;Estación Terrena Para Satélites De Órbita Baja;Colombia;978-3-659-04548-6;2012; JOSE DE JESUS PATERNINA ANAYA, ELVIS EDUARDO GAONA GARCIA, CESAR ANDREY PERDOMO CHARRY
240;240;240;902;GITEM++;Sistema De Control Pasivo De Orientación Para Un Picosatélite;España;978-3-659-06432-6;2012; MIGUEL ANTONIO AVILA ANGULO
241;241;241;902;GITEM++;Análisis del subsuelo mediante polarización inducida;España; 978-3659074905;2012; MIGUEL ANTONIO AVILA ANGULO
242;242;242;902;GITEM++;Memorias Del Evento - Ii Congreso Internacional De Instrumentación, Control Y Telecomunicaciones;Colombia;978-958-8561-26-4;2011; LEONARDO PLAZAS NOSSA
243;243;243;902;GITEM++;Elementos para desarrollo de Telesalud y Telemedicina en Colombia;Colombia;;2005; ORLANDO RODRIGUEZ CUENCA
244;244;244;902;GITEM++;Gestion De Redes De Telemedicina;Colombia;958-8175-68-2;2003; LILIA EDITH APARICIO PICO
245;245;245;5998;GESETIC;GESTIÓN DE LA ENERGÍA: EL USUARIO DE ENERGÍA COMO PARTE ACTIVA DEL SISTEMA;Colombia;978-958-787-234-7;2020; ADRIANA MARCELA VEGA ESCOBAR
246;246;246;5998;GESETIC;Desarrollo humano, didáctica y creatividad en la educación universitaria;Colombia;978-958-8897-12-7;2015; WILSON DIAZ GAMBA
247;247;247;5998;GESETIC;Decisión de Inversiones de Corto Plazo en Redes Eléctricas de Distribución Considerando Estructuras Regulatorias PBR e Incertidumbres en los Parámetros de Planificación;Argentina;978-987-33-0256-5 ;2011; SERGIO RIVERA RODRIGUEZ
248;248;248;5998;GESETIC;Manual De Prácticas De Comunicaciones Con Analizador De Espectros;Colombia;978-958-8723-10-5;2007; JORGE ENRIQUE SALAMANCA CESPEDES
249;249;249;13573;Ingeniería y nanotecnología para la vida (INVID);Introducción al modelamiento del sistema circulatorio como un sistema complejo;;9,78958E+12;2021; DIEGO JULIAN RODRIGUEZ PATARROYO, LUZ HELENA CAMARGO CASALLAS
250;250;250;13573;Ingeniería y nanotecnología para la vida (INVID);Detección de caídas durante la marcha en adultos mayores;Colombia;978-958-5434-61-5;2017; LUZ HELENA CAMARGO CASALLAS, HUGO LIBARDO AYA BAQUERO, ESPERANZA CAMARGO CASALLAS
251;251;251;13573;Ingeniería y nanotecnología para la vida (INVID);Detección de caídas durante la marcha en adultos mayores;Colombia;978-958-5434-61-5;2017; HUGO LIBARDO AYA BAQUERO
252;252;252;13573;Ingeniería y nanotecnología para la vida (INVID);Sistema para el análisis de la presión plantar;Colombia;978-958-8897-73-8;2015; LUZ HELENA CAMARGO CASALLAS, ESPERANZA CAMARGO CASALLAS, ENRIQUE YAMID GARZON GONZALEZ
253;253;253;13573;Ingeniería y nanotecnología para la vida (INVID);Sistema portátil para análisis cinemático de la marcha;Colombia;978-958-8782-65-2;2013; ESPERANZA CAMARGO CASALLAS, ENRIQUE YAMID GARZON GONZALEZ, LUZ HELENA CAMARGO CASALLAS
254;254;254;13666;GEFEM - Grupo de Estudio en temas de la Física, de la Estadística y la Matemática;Redes neuronales convolucionales usando keras y acelerando con GPU;Colombia;978-958-787-232-3;2020; NELSON ENRIQUE VERA PARRA, RUBEN JAVIER MEDINA DAZA
255;255;255;13666;GEFEM - Grupo de Estudio en temas de la Física, de la Estadística y la Matemática;ANÁLISIS DE IMÁGENES USANDO LAS TRANSFORMADAS DE FOURIER Y WAVELET;Colombia;9,78959E+12;2019; ERIKA SOFIA UPEGUI CARDONA, RUBEN JAVIER MEDINA DAZA
256;256;256;13666;GEFEM - Grupo de Estudio en temas de la Física, de la Estadística y la Matemática;ANÁLISIS DE IMÁGENES USANDO LAS TRANSFORMADAS DE FOURIER Y WAVELET;Colombia;9,78959E+12;2019; ERIKA SOFIA UPEGUI CARDONA, RUBEN JAVIER MEDINA DAZA
257;257;257;13666;GEFEM - Grupo de Estudio en temas de la Física, de la Estadística y la Matemática;Fusion De Imagenes Satelitales Usando La Transformada De Wavelet;Colombia;958-8175-97-6;2004; RUBEN JAVIER MEDINA DAZA, IVAN LIZARAZO SALCEDO
258;258;258;6950;INTEROPERABILIDAD TECNOLOGICA Y SEMANTICA;MODELO PARA LA DETECCIÓN DE LA ENFERMEDAD XANTHOMONAS CAMPESTRIS EN HOJAS DE JUDÍA APLICANDO ALGORITMOS DE OPTIMIZACIÓN GENÉTICOS Y DE GRADIENTE;India;9-788195-380428;2022; CAMILO ENRIQUE ROCHA CALDERON
259;259;259;6950;INTEROPERABILIDAD TECNOLOGICA Y SEMANTICA;PREDICCIÓN DE HUMEDAD Y TEMPERATURA EN INVERNADEROS USANDO MÉTODOS DE OPTIMIZACIÓN PARA CONJUNTOS DIFUSOS;India;978-81-953804-1-1;2022; SEBASTIAN CAMILO VANEGAS AYALA, JULIO BARON VELANDIA, JONATHAN STEVEN CAPERA QUINTANA
260;260;260;6950;INTEROPERABILIDAD TECNOLOGICA Y SEMANTICA;Dificultades en la escritura en la educacion superior;Colombia;978-958-44-4327-4;2008; JULIO CORTES TRUJILLO
261;261;261;8915;DISEÑO, MODELAMIENTO Y SIMULACION;Analítica de datos y Rendimiento Académico;Colombia;9,78959E+12;2023; LEONARDO EMIRO CONTRERAS BRAVO, HECTOR JAVIER FUENTES LOPEZ, GIOVANNY MAURICIO TARAZONA BERMUDEZ
262;262;262;8915;DISEÑO, MODELAMIENTO Y SIMULACION;Machine Learning Aplicado al Rendimiento Académico en Educación Superior: Factores, Variables Y Herramientas;Colombia;9,78959E+12;2023; GIOVANNY MAURICIO TARAZONA BERMUDEZ, LEONARDO EMIRO CONTRERAS BRAVO
263;263;263;8915;DISEÑO, MODELAMIENTO Y SIMULACION;Herramientasa de Aprendizaje Automático para determinar el Rendimiento Académico en la educación superior_ Primera Parte;Colombia;978-958-49-4955-4;2021; LEONARDO EMIRO CONTRERAS BRAVO, GIOVANNY MAURICIO TARAZONA BERMUDEZ, HECTOR JAVIER FUENTES LOPEZ
264;264;264;8915;DISEÑO, MODELAMIENTO Y SIMULACION;Procesos de fabricación en metales;Colombia;9,78959E+12;2018; LEONARDO EMIRO CONTRERAS BRAVO, LUIS FERNANDO VARGAS TAMAYO
265;265;265;8915;DISEÑO, MODELAMIENTO Y SIMULACION;Procesos de fabricación en polímeros cerámicos;Colombia;9,78959E+12;2018; LEONARDO EMIRO CONTRERAS BRAVO, LUIS FERNANDO VARGAS TAMAYO
266;266;266;8915;DISEÑO, MODELAMIENTO Y SIMULACION;Herramientas CAD-CAM-CAE para el rediseño de productos;Colombia;9781-945570-41-4;2017; LEONARDO EMIRO CONTRERAS BRAVO, LUIS FERNANDO VARGAS TAMAYO
267;267;267;8915;DISEÑO, MODELAMIENTO Y SIMULACION;Integración de las TIC como apoyo al desarrollo de habilidades espaciales;Colombia;978-958-8972-58-9;2016; LEONARDO EMIRO CONTRERAS BRAVO, JULIAN ALFONSO TRISTANCHO ORTIZ, LUIS FERNANDO VARGAS TAMAYO
268;268;268;8915;DISEÑO, MODELAMIENTO Y SIMULACION;Integración de las TIC como apoyo al desarrollo de habilidades espaciales;Colombia;978-958-8972-58-9;2016; JULIAN ALFONSO TRISTANCHO ORTIZ
269;269;269;8915;DISEÑO, MODELAMIENTO Y SIMULACION;GUIA DE SOLID EDGE PARA INGENIEROS INDUSTRIALES - NIVEL BASICO;Colombia;978-958-8337-63-0;2009; LEONARDO EMIRO CONTRERAS BRAVO
270;270;270;4329;Grupo de investigación en Ingeniería de Diseño (Dising);Introducción al Control Robusto y Diseño con Matlab;;978-3-8417-6746-2;2017; LUINI LEONARDO HURTADO CORTES, LUIS VILLARREAL LOPEZ
271;271;271;4329;Grupo de investigación en Ingeniería de Diseño (Dising);Radio Propagación en Redes 4G - LTE: Simulación de Modelos para Sistemas Multiantena MU-MIMO;Colombia;978-958-8433-84-4;2016; JAVIER ENRIQUE AREVALO PENA
272;272;272;4329;Grupo de investigación en Ingeniería de Diseño (Dising);Fundamentos de Análisis Espectral: Teoría - Aplicaciones - Simulación;Colombia;978-958-8433-46-2;2015; JORGE ENRIQUE LOPEZ DUARTE
273;273;273;1716;Grupo de investigación en control electrónico;Análisis de circuitos en corriente alterna;Colombia;978-958-8972-07-7;2016; JOSE DANILO RAIRAN ANTOLINES, GERMAN ANTONIO GUEVARA VELANDIA, HELMUTH ORTIZ
274;274;274;1716;Grupo de investigación en control electrónico;Motor Lineal De Inducción: Principio De Diseño Y Construcción;Colombia;9,78959E+12;2012; JOSE DANILO RAIRAN ANTOLINES
275;275;275;1716;Grupo de investigación en control electrónico;Solución de problemas de circuitos en corriente alterna;Colombia;9,78959E+12;2009; JOSE DANILO RAIRAN ANTOLINES, HELMUTH ORTIZ, GERMAN ANTONIO GUEVARA VELANDIA
276;276;276;1716;Grupo de investigación en control electrónico;Análisis De Sistemas Dinámicos Y Control Pid;Colombia;978-958-8247-85-4;2007; JOSE DANILO RAIRAN ANTOLINES
277;277;277;1716;Grupo de investigación en control electrónico;Solución De Problemas De Circuitos Resistivos;Colombia;9588175887;2004; JOSE DANILO RAIRAN ANTOLINES
278;278;278;1716;Grupo de investigación en control electrónico;Levitación Magnética;Colombia;9588175461;2003; JOSE DANILO RAIRAN ANTOLINES
279;279;279;9042;Grupo de Investigación en Cadenas de Abastecimiento, Logística y Trazabilidad . GICALyT;Modelado dinámico y estratégico de la cadena agroindustrial de frutas: Un enfoque para la gestión de tecnología;Colombia;9,78959E+12;2017; MILTON M HERRERA R, JAVIER ARTURO ORJUELA CASTRO
280;280;280;9042;Grupo de Investigación en Cadenas de Abastecimiento, Logística y Trazabilidad . GICALyT;Modelo De Simulación Dinámica Para La Gestión De La Producción De Bioetanol A Partir De Caña Panelera;Colombia;978-958-46-0006-6;2012; JAVIER ARTURO ORJUELA CASTRO, ISAAC HUERTAS FORERO, JUAN CARLOS FIGUEROA, DUSKO KALENATIC
281;281;281;20462;Grupo de Investigación en Sistemas Eléctricos y Eficiencia Energética (GISE3);Análisis y simulación de convertidores para microrredes eléctricas DC domiciliarias;Colombia;978-958-787-664-2;2024; RAFAEL ANTONIO PENA SUESCA, CESAR LEONARDO TRUJILLO RODRIGUEZ
282;282;282;20462;Grupo de Investigación en Sistemas Eléctricos y Eficiencia Energética (GISE3);Capital humano en la universidad pública como marca: el marcaje de confianza y sus relaciones en los estudiantes de la Universidad Distrital Francisco José de Caldas;Colombia;978-958-787-403-7;2022; WILSON DIAZ GAMBA
283;283;283;20462;Grupo de Investigación en Sistemas Eléctricos y Eficiencia Energética (GISE3);Sistemas de generacion de energia electrica basada en biogas: digestion anaerobia, generacion de biogas e implementacion computacional;Colombia;978-958-787-317-7;2022; HERBERT ENRIQUE ROJAS CUBIDES, LAURA ANDREA MORALES GARCIA, ANGEL DAVID RODRIGUEZ VARGAS
284;284;284;20462;Grupo de Investigación en Sistemas Eléctricos y Eficiencia Energética (GISE3);Educación para la gestión del riesgo por descargas eléctricas atmosféricas en Colombia;Colombia;9,78959E+12;2021; FRANCISCO SANTAMARIA PIEDRAHITA
285;285;285;20462;Grupo de Investigación en Sistemas Eléctricos y Eficiencia Energética (GISE3);GESTIÓN DE LA ENERGÍA: EL USUARIO DE ENERGÍA COMO PARTE ACTIVA DEL SISTEMA;Colombia;978-958-787-234-7;2020; FRANCISCO SANTAMARIA PIEDRAHITA
286;286;286;20462;Grupo de Investigación en Sistemas Eléctricos y Eficiencia Energética (GISE3);Los estudios de egresados, una mirada a los procesos de formación desde la práctica profesional en la UD;Colombia;978-958-787-084-8;2019; WILSON DIAZ GAMBA
