COD_RH;                 AUTOR;                 TITULO;                 NUM_PAG;                 FECHA;                 LUGAR;                  EDITORIAL;                 ISBN;
0000202355;Lindsay ALVAREZ POMAR;Diseño de Prototipo Diagnóstico para la PyME;396;2004;Colombia;Universidad Distrital;9598175984;
0000202355;Lindsay ALVAREZ POMAR;INTRODUCCIN A LA SIMULACIN;210;2010;Colombia;Fondo De Publicaciones Universidad Distrital;xxxx;
0000202355;Lindsay ALVAREZ POMAR;Sistema experto para la programación de la producción  investigación y desarrollo de un prototipo;200;2013;Colombia;Fondo De Publicaciones Universidad Distrital Francisco Jose De Caldas;978-958-8782-42-3;
0000202355;Lindsay ALVAREZ POMAR;Introducción a la simulación discreta;;2015;Colombia;Editorial UD Editorial Universidad Distrital Francisco José de Caldas;978-958-8832-97-5;
0000301167;Marco Aurelio Alzate Monroy;Derivas De Complejidad Aplicaciones Y Mediciones;329;2013;Colombia;Centro Editorial Universidad Del Rosario;978-958-738-271-6;
0000218405;Lilia Edith APARICIO PICO;Portal De Medicina Para Discapacitados;118;2006;Colombia;Fondo De Publicaciones Universidad Distrital;95-88247-38-1;
0000218405;Lilia Edith APARICIO PICO;Sistema de simulación del flujo de particulas para el picosatélite CubeSat UD;;2017;Colombia;Editorial UD Editorial Universidad Distrital Francisco José de Caldas;978-958-8972-85-5;
0000218405;Lilia Edith APARICIO PICO;Modelo de integración de servicios para el sistema de salud en Colombia;;2019;Colombia;Editorial UD Editorial Universidad Distrital Francisco José de Caldas;978-958-787-123-4;
0000218405;Lilia Edith APARICIO PICO;Laboratorio de telesalud y telemedicina Un modelo para implementar;;2020;Colombia;Editorial UD Editorial Universidad Distrital Francisco José de Caldas;978-958-787-175-3;
0000218405;Lilia Edith APARICIO PICO;Turbocódigos;;2019;Colombia;Editorial UD Editorial Universidad Distrital Francisco José de Caldas;978-958-787-100-5;
0000218405;Lilia Edith APARICIO PICO;Integración de subsistemas, análisis y pruebas del picosatélite CubesatUD Colombia1;;2019;Colombia;Editorial UD Editorial Universidad Distrital Francisco José de Caldas;978-958-787-068-8;
0000218405;Lilia Edith APARICIO PICO;OpenSITEM Caracterización de nodos en redes de telesalud;;2019;Colombia;Editorial UD Editorial Universidad Distrital Francisco José de Caldas;978-958-787-113-5;
0000218405;Lilia Edith APARICIO PICO;Gestion De Redes De Telemedicina;125;2003;Colombia;Pretextos Grupo Editorial;958-8175-68-2;
0000218405;Lilia Edith APARICIO PICO;Sistema De Gestión De Salud Para El Distrito, Sistema Integral De Referencia Y Contrarreferencia;174;2005;Colombia;Gaia;9589761410;
0000218405;Lilia Edith APARICIO PICO;Sistema De Gestión De Salud Para El Distrito, Sistema Integral De Referencia Y Contrarreferencia;73;2005;Colombia;Gaia;9589761410;
0000218405;Lilia Edith APARICIO PICO;Practicas de Laboratorios en Picosatelites;120;2012;Colombia;editorial academica española;938-3-659-05248-4;
0000218405;Lilia Edith APARICIO PICO;Telesalud Y Telelemedicina En Colombia;197;2005;Colombia;Gaia;95-89761-40-2;
0000218405;Lilia Edith APARICIO PICO;Sistema De Gestión De Salud Para El Distrito, Sistema Integral De Referencia Y Contrarreferencia;74;2005;Colombia;Gaia;9589761410;
0000292931;Julio Barón Velandia;Simulación Web de Protocolos de TCPIP;70;2008;Colombia;Centro De Investigaciones Y Desarrollo Cientifico Universidad Distrital Francisco Jose De Caldas;000000;
0001197452 ;Beitmantt Geovanni Cardenas Quintero;LA INGENIERA ONTOLGICA Y SUS APORTES A LA GERENCIA DE PROYECTOS;;2022;Colombia;Big Gaia Editorial;978-958-49-5344-5;
0000401498;Luz Esperanza Bohorquez Arevalo;Implementar Un Sistema De Gestion De Calidad Segun Iso 90012000  Guia Basica Para Las Empresas Comprometidas Con La Competitividad Y La Generacion De Valor;177;2006;Colombia;Icontec;9583372064;
0000401498;Luz Esperanza Bohorquez Arevalo;Implementar Un Sistema De Gestión Ambiental Segun Iso 14001 Guia Basica Para Empresas Comprometidas Con El Futuro;173;2006;Colombia;Icontec;9583383252;
0000401498;Luz Esperanza Bohorquez Arevalo;EQuality;100;2005;Colombia;Universidad catolica de colombia;958-33-7438-5;
0000401498;Luz Esperanza Bohorquez Arevalo;Implementar Un Sistema De Gestion De Calidad Segun Iso 90012000  Guia Basica Para Las Empresas Comprometidas Con La Competitividad Y La Generacion De Valor;177;2005;Colombia;Icontec;9583372064;
0000401498;Luz Esperanza Bohorquez Arevalo;Implementar Un Sistema De Gestión Ambiental Segun Iso 14001 Guia Basica Para Empresas Comprometidas Con El Futuro;173;2005;Colombia;Icontec;9583383252;
0000193674;Sandro Javier Bolaños Castro;MetaProceso de Desarrollo de Software El grial de las metodologías y procesos;;2016;Colombia;Fondo De Publicaciones De La Universidad Distrital;978-958-8897-97-4;
0000779296;Clara Inés Buriticá Arboleda;Modelo curricular de teleeducación Producción de Material Didáctico Computarizado MDC;1;2002;Colombia;Fondo de publicaciones Universidad Autónoma de Colombia;1794-3299-v7;
0000779296;Clara Inés Buriticá Arboleda;Modelo de gestión del prototipo de TeleEducación en la Producción de MDC;;2002;Colombia;Fondo de publicaciones Universidad Autónoma de Colombia;1794-3299 v8;
0000779296;Clara Inés Buriticá Arboleda;Modelo Pedagógico Didáctico de TeleEducación;;2002;Colombia;Fondo de publicaciones Universidad Autónoma de Colombia;1794-3299 v9;
0000779296;Clara Inés Buriticá Arboleda;Modelo Tecnológico de TeleEducación;;2002;Colombia;Fondo de publicaciones Universidad Autónoma de Colombia;1794-3299 v10;
0000779296;Clara Inés Buriticá Arboleda;La seguridad de abastecimiento eléctrico en mercados liberalizados;;2019;Colombia;Fondo De Publicaciones Universidad Distrital Francisco Jose De Caldas;978-958-787-076-3;
0000779296;Clara Inés Buriticá Arboleda;La seguridad de abastecimiento eléctrico en mercados liberalizados;;2019;Colombia;Fondo De Publicaciones Universidad Distrital Francisco Jose De Caldas;978-958-787-077-0;
0000779296;Clara Inés Buriticá Arboleda;Los recursos distribuidos de bioenergía en Colombia;;2020;Colombia;Seccion De Publicaciones Universidad Distrital Francisco Jose De Caldas;978-958-787-259-0;
0000908428;Nelson Leonardo Diaz Aldana;Gestión Y CIberseguridad para microrredes Eléctricas residenciales;;2020;Colombia;Universidad Distrital Francisco José de CaldasDoctorado en Ingeniería;978-958-787-228-6;
0000908428;Nelson Leonardo Diaz Aldana;CONTROLY GESTION PARA MICRORREDES ELCTRICAS BASADAS EN CONVERTIDORES DE POTENCIA Inicio;;2022;Colombia;Universidad Distrital Francisco José de CaldasDoctorado en Ingeniería;978-958-49-5276-9;
0000908428;Nelson Leonardo Diaz Aldana;Metodología De Diseño Para Convertidores Resonantes En Serie;128;2012;España;Editorial Académica Española;978-3-659-05596-6;
0000908428;Nelson Leonardo Diaz Aldana;Diseño E Implementación De Controladores Inteligentes Para Vsc;;2012;Colombia;Editorial Académica Española;978-3-8484-6990-1;
0000764680;Roberto Ferro Escobar;Cloud Computing;;2016;Colombia;Cámara Colombiana del Libro;978-958-8191-47-8;
0000764680;Roberto Ferro Escobar;INTRODUCCION A LA INVESTIGACIN SOBRE DESASTRES NATURALES Y CIUDADES INTELIGENTES;;2020;Colombia;Editorial UD Editorial Universidad Distrital Francisco José de Caldas;978-958-787-244-6;
0000764680;Roberto Ferro Escobar;INTRODUCCIN A GRANJAS INTELIGENTES Y GENERACIN DE ENERGA ELCTRICA PARA HACER FRENTE AL CAMBIO CLIMTICO EN LA REGIN ANDINA;;2021;Colombia;Fondo De Publicaciones Universidad Distrital Francisco Jose De Caldas;978-958-49-4954-7;
0000764680;Roberto Ferro Escobar;Investigación y desarrollo de servicios Streaming Multicast basado en IPv6;;2015;Colombia;Editorial UD Editorial Universidad Distrital Francisco José de Caldas;978-958-8897-62-2;
0000217344;Elvis Eduardo Gaona Garcia;Reproductive Restraints Birth Control In India, 18771947;88;2013;España;Editorial Académica Española;978-3-659-07733-3;
0000217344;Elvis Eduardo Gaona Garcia;Diseño y construcción del módulo de control central del CubeSat UD e implementación de AX25;;2015;Colombia;Editorial UD Editorial Universidad Distrital Francisco José de Caldas;978-958-8897-55-4 ;
0000217344;Elvis Eduardo Gaona Garcia;Observational Calculi And Association Rules;172;2013;España;Editorial Académica Española;978-3-659-07727-2;
0000217344;Elvis Eduardo Gaona Garcia;GESTIN Y CIBERSEGURIDAD PARA MICRORREDES ELCTRICAS RESIDENCIALES;;2020;Colombia;Editorial UD Editorial Universidad Distrital Francisco José de Caldas;978-958-787-228-6;
0000217344;Elvis Eduardo Gaona Garcia;3c Vision Cues, Contexts, And Channels;176;2013;España;Editorial Académica Española;978-3-659-07592-6;
0000217344;Elvis Eduardo Gaona Garcia;Control de Microrredes Eléctricas Inteligentes;;2017;Colombia;Editorial UD Editorial Universidad Distrital Francisco José de Caldas;9789585434318;
0000217344;Elvis Eduardo Gaona Garcia;Medidor De Interferencias Para Las Bandas Vhf Y Uhf;153;2012;España;Editorial Académica Española;978-3-659-05235-4;
0000292974;Paulo Alonso Gaona García;Mecanismos de exploración de recursos sobre Linked Open Data mediante principios de seguridad;;2017;Colombia;Editorial UD Editorial Universidad Distrital Francisco José de Caldas;978-958-5434-39-4;
0000292974;Paulo Alonso Gaona García;Entornos De Búsquedas Navegacionales A Partir De Esquemas De Representación De Conocimiento;;2018;Colombia;Editorial UD Editorial Universidad Distrital Francisco José de Caldas;9789587870046;
0000292974;Paulo Alonso Gaona García;Aplicación inmersiva para el consumo de recursos digitales basada en navegación por ontologías como estrategia de interacción;;2020;Colombia;Editorial UD Editorial Universidad Distrital Francisco José de Caldas;978-958-787-249-1;
0000292974;Paulo Alonso Gaona García;Modelo de comunicación basado en IoT para la transmisión de datos de estaciones meteorológicas;;2020;Colombia;Editorial UD Editorial Universidad Distrital Francisco José de Caldas;978-958-787-256-9;
0000292974;Paulo Alonso Gaona García;Enriquecimiento de recursos educativos un enfoque aplicado a la web semántica y datos abiertos;;2022;;Editorial UD Editorial Universidad Distrital Francisco José de Caldas;978-958-4952783;
0000251909;Cesar Augusto GARCÍA UBAQUE;Tecnologías para el tratamiento del agua Primer Seminario Nacional de Control de la Contaminación Ambiental;;2016;Colombia;Editorial UD Universidad Distrital Francisco José de Caldas;978-958-8972-76-3;
0000251909;Cesar Augusto GARCÍA UBAQUE;Construccion e inspeccion tecnica para vivienda VIP y VIS, en sistema de mamposteria confinada y estructural;;2016;Colombia;Editorial UD Editorial Universidad Distrital Francisco José de Caldas;978-958-8897-96-7;
0000251909;Cesar Augusto GARCÍA UBAQUE;Materiales Alternativos para la Construcción de Edificaciones;1;2008;Colombia;;;
0000251909;Cesar Augusto GARCÍA UBAQUE;Empoderamiento comunitario en la construcción de viviendas saludables;;2017;Colombia;Publicaciones Universidad Distrital;978-958-5434-21-9;
0000251909;Cesar Augusto GARCÍA UBAQUE;Habitabilidad de la vivienda una perspectiva de la salud;;2017;Colombia;Editorial Universidad Nacional De Colombia;978-958-775-983-9;
0000251909;Cesar Augusto GARCÍA UBAQUE;Análisis sobre el marco legal de la VIS en Colombia;1;2008;Colombia;;;
0000251909;Cesar Augusto GARCÍA UBAQUE;La producción de vivienda de interés social en Bogotá Análisis de dos de sus modelos;;2014;Colombia;Editorial UD Editorial Universidad Distrital Francisco José de Caldas;978-958-8832-83-8;
0000251909;Cesar Augusto GARCÍA UBAQUE;Ingeniería Ambiental Análisis Aplicado a la Calidad del Agua;;2019;Colombia;Editorial UD Editorial Universidad Distrital Francisco José de Caldas;978-958-787-073-2;
0000251909;Cesar Augusto GARCÍA UBAQUE;Ingeniería Ambiental Análisis Aplicado a la Tratabilidad del Agua;;2019;Colombia;Editorial UD Editorial Universidad Distrital Francisco José de Caldas;978-958-787-071-8;
0000251909;Cesar Augusto GARCÍA UBAQUE;PROPUESTA DE DIAGNSTICO DE HABITABILIDAD EN ASENTAMIENTOS HUMANOS A NIVEL URBANO;;2020;Colombia;Universidad catolica de colombia; 978-958-5133-36-5;
0000251909;Cesar Augusto GARCÍA UBAQUE;Manual de Operación Eficiente de Procesos de Combustión en Calderas;43;2001;Colombia;Fondos de Desarrollo Local de Bogotá;9387-40-3;
0000251909;Cesar Augusto GARCÍA UBAQUE;Manual de Normatividad Legal Vigente Aplicable a Emisiones Atmosféricas por Procesos de Combustión;35;2001;Colombia;Fondos de Desarrollo Local de Bogotá;9387-41-1;
0000251909;Cesar Augusto GARCÍA UBAQUE;Patología constructiva en vivienda popular;;2015;Colombia;Editorial UD Editorial Universidad Distrital Francisco José de Caldas;978-958-8897-74-5;
0000251909;Cesar Augusto GARCÍA UBAQUE;Sistema constructivo de la vivienda popular en sectores vulnerables de Bogotá;;2014;Colombia;Editorial UD Editorial Universidad Distrital Francisco José de Caldas;978-958-8832-85-2;
0000251909;Cesar Augusto GARCÍA UBAQUE;Estudio de la problemática del suelo para el desarrollo de proyectos de vivienda de interés social y de vivienda de interés prioritaria en Colombia Caso bogotá;;2014;Colombia;Editorial UD Editorial Universidad Distrital Francisco José de Caldas;978-958-8832-84-5;
0000472069;Ernesto GOMEZ VARGAS;Sistema de Gestión de Salud para el Distrito , Manual de Arquitecturas,;1;2002;Colombia;Gaia;95897614;
0000472069;Ernesto GOMEZ VARGAS;DETECCIN Y CORRECCIN DE PROPAGACIONES ANMALAS EN RADARES METEOROLGICOS;;2020;Colombia;Amadgraf Impresores Ltda;978-958-787-239-2;
0000472069;Ernesto GOMEZ VARGAS;Sistema De Gestión De Salud Para El Distrito, Sistema Integral De Referencia Y Contrarreferencia;1;2002;Colombia;Gaia;9589761410;
0000472069;Ernesto GOMEZ VARGAS;Sistema de Simulación del Flujo de partículas ionizadas penetrantes para el picosatélite Cubesat UD;;2017;Colombia;Hographics Impresores;978-958-8972-85-5;
0000223301;Javier Guacaneme Moreno;Diseño De Coversores Electrónicos Para Redes De Distribución A Partir De Fuentes No Convencionales;171;2012;Colombia;Publicaciones Universidad Distrital Francisco Jose De Caldas;9789588723594;
0000322318;Johann Alexander HERNANDEZ MORA;Microrredes Eléctricas;;2015;Colombia;Publicaciones Universidad Distrital Francisco Jose De Caldas;978-958-8897-79-0;
0000322318;Johann Alexander HERNANDEZ MORA;Central Solar Termoeléctrica Cet De Colectores CilindroParabólicos;134;2012;España;Editorial Académica Española;978-3-8484-5398-6;
0000322318;Johann Alexander HERNANDEZ MORA;Variabilidad De La Radiación Solar En El Diseño De Sistemas Fotovoltaicos;97;2012;España;Editorial Académica Española;978-3-8484-5245-3;
0000322318;Johann Alexander HERNANDEZ MORA;Diseño E Implementación De Controladores Inteligentes Para Vsc;148;2012;España;LAP LAMBERT Academic Publishing GmbH  Co;978-3-8484-6990-1;
0000331430;Cesar Augusto Hernández Suárez;Matematicas Especiales para Ingenieria Electronica y de Telecomunicaciones;200;2009;Colombia;;xxxxxx;
0000331430;Cesar Augusto Hernández Suárez;Analisis de Señales y Sistemas Analogicos y Discretos;300;2009;Colombia;;xxxxxx;
0000331430;Cesar Augusto Hernández Suárez;Problemas Resueltos de Microcontroladores Microchip;220;2010;Colombia;;xxxxxx;
0000331430;Cesar Augusto Hernández Suárez;Modelamiento de Tráfico en Series de Tiempo para Redes de Datos;197;2012;Alemania;Editorial Academica Española;978-3-659-02100-8;
0000331430;Cesar Augusto Hernández Suárez;Modelo Multivariable de Tráfico para una Red de Datos WiFi;84;2012;Alemania;Editorial Academica Española;978-3-659-03822-8;
0000331430;Cesar Augusto Hernández Suárez;Discapacidad auditiva tecnología para la inclusión social;;2014;Colombia;Editorial UD Editorial Universidad Distrital Francisco José de Caldas;978-958-8897-02-8;
0000331430;Cesar Augusto Hernández Suárez;Modelo adaptativo multivariable de handoff espectral para incrementar el desempeño en redes móviles de radio cognitiva;;2017;Colombia;Editorial UD Editorial Universidad Distrital Francisco José de Caldas;978-958-5434-01-1;
0000331430;Cesar Augusto Hernández Suárez;Modelo de asignación multicanal con equidad para la movilidad espectral en redes de radio cognitiva;;2017;Colombia;Editorial UD Editorial Universidad Distrital Francisco José de Caldas;978-958-5434-26-6;
0000331430;Cesar Augusto Hernández Suárez;Microcontrolador GP32;1;2008;Colombia;;;
0000331430;Cesar Augusto Hernández Suárez;La Tecnologia Aplicada al servicio de la Humanidad;1;2008;Colombia;;;
0000331430;Cesar Augusto Hernández Suárez;Desarrollo, políticas y futuro de las microrredes inteligentes;;2018;Colombia;Editorial UD Editorial Universidad Distrital Francisco José de Caldas;978-958-5434-94-3;
0000331430;Cesar Augusto Hernández Suárez;Modelo de predicción de la ocupación espectral para el análisis y diseño de redes de radio cognitiva;;2018;Colombia;Editorial UD Editorial Universidad Distrital Francisco José de Caldas;978-958-787-049-7;
0000331430;Cesar Augusto Hernández Suárez;A Multifractal Model for Cognitive Radio Networks;;2019;Colombia;Editorial UD Editorial Universidad Distrital Francisco José de Caldas;978-958-787-137-1;
0000331430;Cesar Augusto Hernández Suárez;Modelo de decisión espectral para redes de radio cognitiva;;2019;Colombia;Editorial UD Editorial Universidad Distrital Francisco José de Caldas;978-958-787-152-4;
0000331430;Cesar Augusto Hernández Suárez;Modelo de decisión espectral colaborativo para redes de radio cognitiva;;2020;Colombia;Editorial UD Editorial Universidad Distrital Francisco José de Caldas;978-958-787-245-3;
0000331430;Cesar Augusto Hernández Suárez;Ocupación espectral y modelo de radio cognitiva para la ciudad de Bogotá;;2016;Colombia;Editorial UD Editorial Universidad Distrital Francisco José de Caldas;978-958-8897-88-2;
0000331430;Cesar Augusto Hernández Suárez;Calidad del servicio en la energía eléctrica residencial;134;2013;Colombia;Seccion De Publicaciones Universidad Distrital Francisco Jose Caldas;978-958-8782-37-9;
0001164023;Jhon Francined Herrera Cubides;Aplicación Inmersiva para el Consumo de Recursos Digitales basada en Navegación por Ontologías como Estrategia de interacción;;2020;Colombia;Editorial UD Editorial Universidad Distrital Francisco José de Caldas;978-958-787-249-1;
0001164023;Jhon Francined Herrera Cubides;Enriquecimiento de Recursos Educativos Un enfoque aplicado a la Web Semántica y Datos Abiertos;;2022;Colombia;Fondo De Publicaciones Universidad Dsitrital Francisco Jose De Caldas;978-958-49-5278-3;
0000783960;Luini Leonardo Hurtado Cortés;Introducción al Control Robusto y Diseño con Matlab;;2017;;Editorial Académica Española;978-3-8417-6746-2;
0000282901;Adolfo Andrés Jaramillo Matta;Estimación De Parámetros Para La Máquina De Inducción Trifásica;180;2011;Reino Unido;Editorial Académica Española;978-3-8443-3664-1;
0000282901;Adolfo Andrés Jaramillo Matta;Huecos De Tensión Y Sus Efectos En La Máquina De Inducción Trifásica;180;2011;Reino Unido;Editorial Académica Española;978-3-8443-4318-2;
0000594822;José Andelfo Lizcano Caro;Facultad De Medio Ambiente Y Recursos Naturales 19942014;;2014;Colombia;Publicaciones Universidad Distrital Francisco Jose De Caldas;978-958-8897-09-7;
0000594822;José Andelfo Lizcano Caro;Facultad del Medio Ambiente y Recursos Naturales 19942014 Veinte Años de Contribución Académica al Desarrollo Sostenible;;2014;Colombia;Publicaciones Universidad Distrital Francisco Jose de Caldas;978-958-8897-09-7;
0000594822;José Andelfo Lizcano Caro;Investigación al Régimen Tarifario de Agua Potable y Saneamiento Básico;251;2011;Colombia;Universidad Distrital;978-958-8337-92-0;
0000166618;César Amílcar López Bello;Técnicas De Simulación En Producción;145;;Colombia;Presencia;958-95345-9-7;
0000166618;César Amílcar López Bello;Modelos Integrales De Producción En Empresas Manufactureras;196;2006;Colombia;Kimpres;9589784011;
0000166618;César Amílcar López Bello;Planeación Agregada De La Producción;113;2008;Colombia;Universidad catolica de colombia;978-958-44-4592-6;
0001213490;Eduyn Ramiro Lopez Santana;Applied Computer Sciences in Engineering;;2016;Alemania;Springer Publishing Co;978-3-319-50880-1;
0001213490;Eduyn Ramiro Lopez Santana;Problema social de la corrupción perspectivas desde la dinámica de sistemas;;2016;Colombia;Fondo Editorial Universidad Distrital Francisco Jose De Caldas;9789588897981;
0001213490;Eduyn Ramiro Lopez Santana;Applied Computer Sciences in Engineering, Third Workshop on Engineering Applications, WEA 2016;;2016;Alemania;Springer Publishing Company, Inc;978-3-319-50879-5;
0001213490;Eduyn Ramiro Lopez Santana;Applied Computer Sciences in Engineering 4th Workshop on Engineering Applications, WEA 2017;;2017;Alemania;Springer Publishing Company, Inc;978-3-319-66962-5;
0001213490;Eduyn Ramiro Lopez Santana;El problema del desempleo y la informalidad en Colombia;;2017;Colombia;Editorial UD Editorial Universidad Distrital Francisco José de Caldas;978-958-5434-65-3;
0001213490;Eduyn Ramiro Lopez Santana;Applied Computer Sciences in Engineering, WEA 2018, Part I;;2018;Alemania;Springer Publishing Company, Inc;978-3-030-00349-4;
0000430129;Danilo Alfonso López Sarmiento;Modelamiento De Tráfico En Series De Tiempo Para Redes De Datos 3 Autores;169;2012;Colombia;Editorial Académica Española;978-3-659-02100-8;
0000430129;Danilo Alfonso López Sarmiento;Uitlización De Herramientas Gratuitas Que Permitan Evaluar La Calidad Del Servicio En Redes Mpls 3 Autores;146;2011;Colombia;Bubok;978-84-686-1292-8;
0000430129;Danilo Alfonso López Sarmiento;Android BásicoManual Práctico 3 Autores;103;2012;Colombia;Bubok;978-84-686-1295-9;
0000430129;Danilo Alfonso López Sarmiento;Eficiencia De La Qos Ip Con Opnet 3 Autores;90;2012;Colombia;Bubok;978-84-686-1247-8;
0000430129;Danilo Alfonso López Sarmiento;Modelo de decisión espectral colaborativo para redes de radio cognitiva;;2020;;Editorial UD Editorial Universidad Distrital Francisco José de Caldas; 978-958-787-245-3;
0000430129;Danilo Alfonso López Sarmiento;Sistema De Semaforización Inteligente;77;2012;Colombia;Académica española;978-3-8484-7788-3;
0000393762;Fredy Hernán Martínez Sarmiento;Algunas Aplicaciones De La Lógica Difusa En El Control De Convertidores DcDc;100;2011;Colombia;Fondo De Publicaciones Universidad Distrital Francisco Jose De Caldas;978-958-8723-08-2;
0000393762;Fredy Hernán Martínez Sarmiento;Robótica Autónoma Acercamientos A Algunos Problemas Centrales;;2015;Colombia;Publicaciones Universidad Distrital Francisco Jose De Caldas;9789588897561;
0000393762;Fredy Hernán Martínez Sarmiento;LOS RECURSOS DISTRIBUIDOS DE BIOENERGA EN COLOMBIA;;2020;Colombia;Editorial UD Editorial Universidad Distrital Francisco José de Caldas;978-958-787-258-3;
0000269387;Ruben Javier MEDINA DAZA;Redes neuronales convolucionales usando keras y acelerando con GPU;;2020;Colombia;Editorial UD Editorial Universidad Distrital Francisco José de Caldas;978-958-787-232-3;
0000269387;Ruben Javier MEDINA DAZA;FUSION DE IMAGENES SATELITALES USANDO LA TRANSFORMADA DE WAVELET;;2004;Colombia;Fondo De Publicaciones Universidad Distrital Francisco Jose De Caldas;9789588175973;
0000269387;Ruben Javier MEDINA DAZA;Fusion De Imagenes Satelitales Usando La Transformada De Wavelet;172;2004;Colombia;Editorial UD Editorial Universidad Distrital Francisco José de Caldas;958-8175-97-6;
0000269387;Ruben Javier MEDINA DAZA;ANLISIS DE IMGENES USANDO LAS TRANSFORMADAS DE FOURIER Y WAVELET;;2019;Colombia;Editorial UD Editorial Universidad Distrital Francisco José de Caldas;9789587870640;
0000243302;Victor Hugo MEDINA GARCÍA;Modelo de Madurez para la Capacidad de la Enseñanza en Ingeniería;;2016;Colombia;Fondo De Publicaciones De La Universidad Distrital;978-958-8723-23-5;
0000243302;Victor Hugo MEDINA GARCÍA;Investigación en Ingeniería apoyada por la gestión del conocimiento y la internet social;;2019;Colombia;Fondo De Publicaciones Universidad Distrital Francisco Jose De Caldas;978-958-787-082-4;
0000243302;Victor Hugo MEDINA GARCÍA;Modelo de gestión del conocimiento como apoyo a la gestión de proyectos;;2019;Colombia;Editorial UD Editorial Universidad Distrital Francisco José de Caldas;978-958-787-097-8;
0000243302;Victor Hugo MEDINA GARCÍA;Investigación en Ingeniería fundamentada en la gestión del conocimiento;;2020;Colombia;Editorial UD Editorial Universidad Distrital Francisco José de Caldas;978-958-787-241-5;
0000007072;miguel melgarejo melgarejo;Desarrollo De Un Sistema De Inferencia Difusa Sobre Fpga  Reporte De Investigación;78;2003;Colombia;Universidad Distrital;9588175704;
0000202339;German MÉNDEZ GIRALDO;Sistemas Cooperativos Asistidos Para La Programación De La Producción En La Industria Manufacturera Colombiana Universidad Distrital Centro De Investigaciones Y Desarrollo Científico;151;2001;Colombia;Universidad Distrital;958-9160-86-7;
0000202339;German MÉNDEZ GIRALDO;Programación De Tareas Scheduling;292;2011;Colombia;Editorial UD Editorial Universidad Distrital Francisco José de Caldas;978-958-8337-84-5;
0000202339;German MÉNDEZ GIRALDO;Aplicación De La Dinámica Del Sistema Para Caracterizar Y Recomendar Soluciones A Problemas Sociales En Colombia;200;2012;Colombia;Editorial UD Editorial Universidad Distrital Francisco José de Caldas;978-958-8723-71-6;
0000202339;German MÉNDEZ GIRALDO;Problema social de la corrupción Perspectiva desde la dinámica de sistemas;;2016;Colombia;Fondo Editorial Universidad Distrital Francisco Jose De Caldas;9789588897981;
0000202339;German MÉNDEZ GIRALDO;Introducción a la simulación discreta;;2015;Colombia;Fondo De Publicaciones De La Universidad Distrital;978-958-8832-97-5;
0000202339;German MÉNDEZ GIRALDO;El problema del desempleo y la informalidad en Colombia;;2017;Colombia;Editorial UD Editorial Universidad Distrital Francisco José de Caldas;978-958-5434-65-3;
0000202339;German MÉNDEZ GIRALDO;El problema de la calidad de vida en el sector floricultor de Colombia;;2014;Colombia;Editorial UD Editorial Universidad Distrital Francisco José de Caldas;978-958-8832-05-0;
0000202339;German MÉNDEZ GIRALDO;Dinámica y pensamiento sistémico;;2016;Colombia;Publicaciones Universidad Distrital Francisco Jose De Caldas; 978-958-8972-01-5;
0000202339;German MÉNDEZ GIRALDO;Modelo de madurez para la capacidad de la enseñanza en ingeniería;;2017;Colombia;Editorial UD Editorial Universidad Distrital Francisco José de Caldas;978-958-8972-87-9;
0000202339;German MÉNDEZ GIRALDO;Gerencia De Manufactura Funcion De Planeacion;208;2003;Colombia;Fondo De Publicaciones Universidad Distrital;9588175585;
0000202339;German MÉNDEZ GIRALDO;MODELO PEDAGOGICO DIDACTICO DE TELEEDUCACION;1;2002;Colombia;;;
0000202339;German MÉNDEZ GIRALDO;MODELO CURRICULAR DE TELEEDUCACION Producción de Material Didáctico Computarizado;1;2002;Colombia;;;
0000202339;German MÉNDEZ GIRALDO;MODELO DE GESTION DEL PROTOTIPO DE TELEEDUCACION EN LA PRODUCCION DE MDC;1;2002;Colombia;;;
0000202339;German MÉNDEZ GIRALDO;Diseño De Prototipo De Diagnostico Para Pymes;396;2004;Colombia;Centro De Investigaciones Y Desarrollo Cientifico;9588175984;
0000202339;German MÉNDEZ GIRALDO;Sistemas Cooperativos Asistidos Para La Programación De La Producción En La Industria Manufacturera Colombiana Universidad Distrital Centro De Investigaciones Y Desarrollo Científico;151;2001;Colombia;Universidad Distrital;958-9160-86-7;
0000202339;German MÉNDEZ GIRALDO;MODELO TECNOLOGICO DE TELEEDUCACIN;1;2002;Colombia;Universidad Autónoma de Colombia;;
0000292915;Carlos Enrique MONTENEGRO MARIN;Entornos de búsquedas navegacionales a partir de esquemas de representación de conocimiento;;2018;Colombia;Editorial UD Editorial Universidad Distrital Francisco José de Caldas;9789587870046;
0000292915;Carlos Enrique MONTENEGRO MARIN;Mecanismos de exploración de recursos sobre linked open data mediante principios de seguridad;;2017;Colombia;Fondo Editorial Universidad Distrital Francisco Jose De Caldas;9789585434394;
0000292915;Carlos Enrique MONTENEGRO MARIN;Ingenieria Dirigida por modelos y casos prácticos;;2017;Colombia;Fondo Editorial Universidad Distrital Francisco Jose De Caldas;9789588972893;
0000292915;Carlos Enrique MONTENEGRO MARIN;Ingenieria Dirigida por modelos y casos prácticos;;2017;Colombia;Editorial UD Editorial Universidad Distrital Francisco José de Caldas;9789588972893;
0000292915;Carlos Enrique MONTENEGRO MARIN;Aplicación inmersiva para el consumo de recursos digitales basada en navegación por ontologías como estrategia de interacción;;2020;;Editorial UD Editorial Universidad Distrital Francisco José de Caldas;978-958-787-249-1;
0000292915;Carlos Enrique MONTENEGRO MARIN;Modelo de comunicación basado en IoT para la transmisión de datos de estaciones meteorológicas;;2020;;Editorial UD Editorial Universidad Distrital Francisco José de Caldas;978-958-787-256-9;
0000292915;Carlos Enrique MONTENEGRO MARIN;Mecanismos de exploración de recursos sobre Linked Open Data mediante principios de seguridad;;2017;;Editorial UD Editorial Universidad Distrital Francisco José de Caldas;978-958-5434-39-4;
0000292915;Carlos Enrique MONTENEGRO MARIN;Aplicación inversiva para el consumo de recursos digitales basada en navegación por ontología como estrategia de interacción;;2020;Colombia;Centro De Investigaciones Y Desarrollo Cientifico Universidad Distrital Francisco Jose De Caldas;978-958-787-249-1;
0000292915;Carlos Enrique MONTENEGRO MARIN;Modelo de comunicaciones basado en IoT pra la transmisión de datos de estaciones mmeterológicas;;2020;Colombia;Centro De Investigaciones Y Desarrollo Cientifico Universidad Distrital Francisco Jose De Caldas;978-958-787-256-9;
0000292915;Carlos Enrique MONTENEGRO MARIN;DESARROLLO DE METAMODELOS Y LENGUAJES DE DOMINIO ESPECIFICO;;2012;España;Editorial academica española;978-3-8443-4038-9;
0001468037;Oscar Danilo Montoya Giraldo;Compensación de potencia reactiva en sistemas de distribución un enfoque formal basado en optimización matemática;;2020;Colombia;Ediciones Unitecnológica;978-958-8862-83-5;
0000006939;Javier Arturo Orjuela Castro;Modelo De Simulación Dinámica Para La Gestión De La Producción De Bioetanol A Partir De Caña Panelera;104;2012;Colombia;Cámara colombiana del Libro;978-958-46-0006-6;
0000006939;Javier Arturo Orjuela Castro;Transporte Y Distribución Física Internacional;Pág;2009;Colombia;Corporación Universitaria Minuto de Dios;978-958-763-026-8;
0000006939;Javier Arturo Orjuela Castro;Normas De Seguridad E Higiene Industrial;56;2009;Colombia;Corporación Universitaria Minuto de Dios;978-958-763-027-5;
0000006939;Javier Arturo Orjuela Castro;La Calidad Como Herramienta En La Logística;32;2009;Colombia;Corporación Universitaria Minuto de Dios;978-958-763-038-1;
0000006939;Javier Arturo Orjuela Castro;Logística Y Globalización En El Comercio Exterior;54;2009;Colombia;Corporación Universitaria Minuto de Dios;978-958-763-028-2;
0000006939;Javier Arturo Orjuela Castro;Caracterizacion Del Mercado De Alimentos De La Localidad De Usme;100;2006;Colombia;Fondo De Publicaciones Universidad Distrital;978-958-8247-78-6;
0000006939;Javier Arturo Orjuela Castro;Modelo De Simulación Dinámica Para La Gestión De La Producción De Bioetanol A Partir De Caña Panelera;;2012;Colombia;Cámara colombiana del Libro;978-958-46-0006-6;
0000006939;Javier Arturo Orjuela Castro;Modelado dinámico y estratégico de la cadena agroindustrial de frutas Un enfoque para la gestión de tecnología;;2017;Colombia;Universidad Piloto de Colombia;9789588957647;
0000006939;Javier Arturo Orjuela Castro;Caracterizacion Del Mercado De Alimentos De La Localidad De Bosa;87;2006;Colombia;Fondo De Publicaciones Universidad Distrital;978-958-8247-80-9;
0000006939;Javier Arturo Orjuela Castro;Caracterizacion Del Mercado De Alimentos De La Localidad De San Cristobal;100;2006;Colombia;Fondo De Publicaciones Universidad Distrital;978-958-8247-77-9;
0000006939;Javier Arturo Orjuela Castro;La Cadena Agroindustrial De Frutas Uchuva Y Tomate De Arbol;100;2007;Colombia;Fondo De Publicaciones Universidad Distrital;978-958-8247-89-2;
0000006939;Javier Arturo Orjuela Castro;Sistema De Abastecimiento De Alimentos Para Bogotá Localidad Ciudad Bolívar;399;2006;Colombia;Geminis Ltda;978-958-8247-83-0;
0000006939;Javier Arturo Orjuela Castro;Sistema Integrado De Abastecimiento De Alimentos Bogotá;88;2004;Colombia;Fondo De Publicaciones Universidad Distrital;958-82-4704-7;
0000006939;Javier Arturo Orjuela Castro;Compettividad En La Cadena Agroindustrial Lactea;240;2005;Colombia;Fondo Publicaciones Universidad Distrital;9588247055;
0000006939;Javier Arturo Orjuela Castro;Modelo Integral Para La Gestión De Empresas De Servicios;131;2008;Colombia;Universidad catolica de colombia;978-958-44-4593-3;
0000006939;Javier Arturo Orjuela Castro;Caracterizacion Del Mercado De Alimentos De La Localidad De Suba;100;2006;Colombia;Fondo De Publicaciones Universidad Distrital;978-958-8247-79-3;
0001466796;Diana Marcela Ovalle  Martínez;Arquitecturas de Red Neuroconvolucional para Aplicaciones de Robótica Asistencial;;2020;Colombia;Fondo De Publicaciones Universidad Distrital Francisco Jose De Caldas;978-958-787-237-8;
0000338486;Javier Parra Peña;Formación Por Ciclos En reas De La Tecnología;232;2010;Colombia;Fondo De Publicaciones Universidad Distrital Francisco Jose De Caldas;978-958-8337-87-6;
0000996890;Leonardo Plazas Nossa;Prácticas De Telemática;170;2008;Colombia;ECCI;978-958-8330-29-7;
0000996890;Leonardo Plazas Nossa;Conceptos Y Fundamentos De Simulación Digital;194;2012;Colombia;Universidad Distrital  Ecoe Ediciones;978-958-8723-46-4;
0000996890;Leonardo Plazas Nossa;Memorias Del Evento  Ii Congreso Internacional De Instrumentación, Control Y Telecomunicaciones;10;2011;Colombia;Departamento De Publicaciones Universidad Santo Tomas;978-958-8561-26-4;
0000996890;Leonardo Plazas Nossa;Xx Seminario Nacional De Hidráulica E Hidrología, Barranquilla, Colombia, 8 Al 10 De Agosto De 2012;9;2012;Colombia;Editorial Universidad del Norte;978-958-741-254-3;
0000996890;Leonardo Plazas Nossa;Tecnología WiFi Topología De Red;110;2007;Colombia;Colgraf Editores  Colombiana de Gráficas Editores;9588330203;
0000996890;Leonardo Plazas Nossa;WiFi Capa Física;70;2008;Colombia;ECCI;978-958-8330-22-8;
0000996890;Leonardo Plazas Nossa;WiFi Seguridad Autenticación;130;2008;Colombia;ECCI;978-958-8330-24-0;
0000795429;Gustavo Adolfo Puerto Leguizamón;Redes ópticas de acceso convergente;;2016;Colombia;Editorial UD Editorial Universidad Distrital Francisco José de Caldas;9789588972046;
0000795429;Gustavo Adolfo Puerto Leguizamón;Fotónica de microondas y procesado todoóptico aplicados a la conmutación de paquetes ópticos;;2017;Colombia;Editorial UD Editorial Universidad Distrital Francisco José de Caldas;9789585434295;
0000795429;Gustavo Adolfo Puerto Leguizamón;Redes De Conmutación De Paquetes pticos Basados En El Intercambio De Etiquetas Multiplexadas Por Subportadora;;2008;España;Editorial de la Universidad Politécnica de Valencia;978-84-694-3197-9;
0000310654;José Danilo Rairán Antolines;Solución de problemas de circuitos en corriente alterna;282;2009;Colombia;Fondo De Publicaciones Universidad Distrital Francisco Jose De Caldas;9789588337562;
0000310654;José Danilo Rairán Antolines;Motor Lineal De Inducción Principio De Diseño Y Construcción;146;2012;Colombia;Fondo De Publicaciones Universidad Distrital Francisco Jose De Caldas;9789588723822;
0000310654;José Danilo Rairán Antolines;Análisis de circuitos en corriente alterna;;2016;Colombia;Editorial UD  Universidad Distrital Francisco José de Caldas;9789588972077;
0000310654;José Danilo Rairán Antolines;Análisis de circuitos en corriente alterna;;2016;Colombia;Editorial UD Editorial Universidad Distrital Francisco José de Caldas;978-958-8972-07-7;
0000310654;José Danilo Rairán Antolines;Levitación Magnética;95;2003;Colombia;Fondo De Publicaciones Universidad Distrital;9588175461;
0000310654;José Danilo Rairán Antolines;Solución De Problemas De Circuitos Resistivos;349;2004;Colombia;Seccion De Publicaciones Universidad Distrital Francisco Jose Caldas;9588175887;
0000310654;José Danilo Rairán Antolines;Analisis De Circuitos Resistivos;432;2003;Colombia;Fondo De Publicaciones Universidad Distrital;9588175038;
0000310654;José Danilo Rairán Antolines;Análisis De Sistemas Dinámicos Y Control Pid;460;2007;Colombia;Fondo De Publicaciones Universidad Distrital Fjc;978-958-8247-85-4;
0000158763;Edwin Rivas Trujillo;Prácticas de Laboratorios en Pico Satélites;;2012;Colombia;Editorial Académica Española;978-3-659-05248-4;
0000158763;Edwin Rivas Trujillo;INDICADORES TIC;;2019;Colombia;Editorial UD Editorial Universidad Distrital Francisco José de Caldas;978-958-787-075-6;
0000158763;Edwin Rivas Trujillo;Integración de recursos energéticos distribuidos en redes eléctricas de distribución;;2021;Colombia;Editorial UD Editorial Universidad Distrital Francisco José de Caldas;978-958-49-4959-2;
0000158763;Edwin Rivas Trujillo;GESTIN DE LA ENERGA EL USUARIO DE ENERGA COMO PARTE ACTIVA DEL SISTEMA;;2020;Colombia;Editorial UD Editorial Universidad Distrital Francisco José de Caldas;978-958-787-234-7;
0000158763;Edwin Rivas Trujillo;Investigación de operaciones;;2018;Colombia;Editorial UD Editorial Universidad Distrital Francisco José de Caldas;978-958- 787-074-9;
0000158763;Edwin Rivas Trujillo;INDICADORES TIC PRINCIPALES INDICADORES Y MODELOS DE MEDICIN DE POLTICAS PBLICAS EN EL SECTOR DE LAS TECNOLOGAS DE LA INFORMACIN Y COMUNICACIONES  TIC;;2019;Colombia;Editorial UD Editorial Universidad Distrital Francisco José de Caldas;978-958-787-075-6;
0000158763;Edwin Rivas Trujillo;Desarrollo, políticas y futuro de las microrredes inteligentes;;2018;Colombia;Editorial UD Editorial Universidad Distrital Francisco José de Caldas;978-958-5434-94- 3;
0000158763;Edwin Rivas Trujillo;Bases de datos en SQL Sevier;;2018;;ECOE EDICIONES;9789587715705;
0000158763;Edwin Rivas Trujillo;Java Básico;;2018;Colombia;ECOE EDICIONES;978-958-771-542-2;
0000158763;Edwin Rivas Trujillo;Microrredes Eléctricas;;2016;Colombia;Editorial UD Editorial Universidad Distrital Francisco José de Caldas;9789588897790;
0000158763;Edwin Rivas Trujillo;PRUEBAS A TRANSFORMADORES DE DISTRIBUCION PARA VERIFICAR SU ACTITUD PARA SOPORTAR EL CORTOCIRCUITO;1;;Colombia;;;
0000158763;Edwin Rivas Trujillo;Sistema De Semaforización Inteligente;;2012;Colombia;Editorial CESA;978-3-8484-7788-3;
0000158763;Edwin Rivas Trujillo;Manual De Prácticas De Comunicaciones Con Analizador De Espectros;;2011;Colombia;Universidad Distrital;978-958-8723-10-5;
0000158763;Edwin Rivas Trujillo;Factores De Riesgo Eléctrico, Mecánico Y Físico  Químico;;2013;Colombia;Editorial Academia Española;978-3-659-06669-6;
0000158763;Edwin Rivas Trujillo;Conceptos Básicos De Higiene Y Salud Ocupacional;;2012;Colombia;Editorial Academia Española;978-3-659-05021-3;
0000593869;JOSE IGNACIO RODRIGUEZ MOLANO;Applied Computer Sciences in Engineering  5th Workshop on Engineering Applications, WEA 2018, Medellín, Colombia, October 1719, 2018, Proceedings, Part I;;2018;Alemania;Springer Publishing Company, Inc;978-3-030-00349-4;
0000647322;Diego Julian Rodriguez Patarroyo;EDUCACIN OCCIDENTAL O EDUCACIN PROPIA UN DILEMA;;2019;Colombia;Sociedad Colombiana De Pedagogia Socolpe;978-958-97075-8-6;
0001083600;Luz Andrea RODRIGUEZ ROJAS;Gestión del conocimiento en el Turismo de salud;201;2013;España;Servitec;84-69538-24-1;
0001083600;Luz Andrea RODRIGUEZ ROJAS;Modelo De Negocios Electrónicos Con Tecnologias Web 20 Caso De Estudio Pymes Colombianas;216;2012;España;Federación de gremios de editores de España;84-695-5239-2;
0001083600;Luz Andrea RODRIGUEZ ROJAS;El nuevo reto los datos abiertos en Colombia;;2020;Colombia;Editorial UD Editorial Universidad Distrital Francisco José de Caldas;978-958-787-236-1;
0000213420;Herbert Enrique Rojas Cubides;Sistemas de generacion de energia electrica basada en biogas digestion anaerobia, generacion de biogas e implementacion computacional;;2022;Colombia;Editorial UD Editorial Universidad Distrital Francisco José de Caldas;978-958-787-317-7;
0000142328;Ruth Esperanza ROMÁN CASTILLO;Teorías Y Mediciones De Competitividad Una Perspectiva;197;2004;Colombia;Fondo De Publicaciones Universidad Distrital Fjc;958-8175-79-8;
0000142328;Ruth Esperanza ROMÁN CASTILLO;Aprendizajes sobre trabajos de grado Una experiencia de la educación en ingeniería por ciclos;;2016;Colombia;Fondo Editorial Universidad Distrital;978-958-8972-45-9;
0001415432;PABLO EMILIO ROZO GARCIA;Detección, caracterización y modelado del ruido aperiódico en un sistema de comunicaciones por líneas eléctricas  PLC  visto desde las fuentes generadoras;;2021;Colombia;IngeEdit Editores;978-958-49-4951-6;
0000075809;Jorge Enrique Saby Beltrán;Poesía Colombiana Análisis Lingístico del Tiempo en la Poesía de Eduardo Carranza;167;2;Colombia;Banco de la República;958-900-32;
0000350044;Francisco Santamaría Piedrahita;Microrredes eléctricas;;2015;Colombia;Editorial UD Editorial Universidad Distrital Francisco José de Caldas;978-958-8897-79-0;
0000350044;Francisco Santamaría Piedrahita;GESTIN DE LA ENERGA EL USUARIO DE ENERGA COMO PARTE ACTIVA DEL SISTEMA;;2020;Colombia;Editorial UD Editorial Universidad Distrital Francisco José de Caldas;978-958-787-234-7;
0000873438;Carlos Arturo Suárez Fajardo;Introducción al análisis y diseño de antenas planas y sus aplicaciones;;2017;Colombia;Editorial UD Editorial Universidad Distrital Francisco José de Caldas;978-958-8972-95-4;
0000873438;Carlos Arturo Suárez Fajardo;Fundamentos para el análisis y diseño de agrupaciones de antenas;;2017;Colombia;Editorial UD Editorial Universidad Distrital Francisco José de Caldas;978-958-5434-43-1;
0001120719;Giovanny Mauricio TARAZONA BERMUDEZ;Modelo de gestión del conocimiento como apoyo a la gestión de proyectos;;2019;Colombia;Editorial UD Editorial Universidad Distrital Francisco José de Caldas;978-958-787-097-8;
0001120719;Giovanny Mauricio TARAZONA BERMUDEZ;Investigación en ingeniería apoyada por la gestión del conocimiento y la internet social;;2019;Colombia;Editorial UD Editorial Universidad Distrital Francisco José de Caldas;978-958-787-081-7;
0001120719;Giovanny Mauricio TARAZONA BERMUDEZ;Gestión del conocimiento en el turismo de salud;;2013;España;SERVITEC;84-69538-24-1;
0001120719;Giovanny Mauricio TARAZONA BERMUDEZ;El nuevo reto los datos abiertos en Colombia;;2020;Colombia;Editorial UD Editorial Universidad Distrital Francisco José de Caldas;978-958-787-236-1;
0001120719;Giovanny Mauricio TARAZONA BERMUDEZ;Modelo De Negocios Electrónicos Con Tecnologias Web 20 Caso De Estudio Pymes Colombianas;;2012;España;Federación de gremios de editores de España;84-695-5239-2;
0001120719;Giovanny Mauricio TARAZONA BERMUDEZ;MODULO VIRTUAL ADMINISTRACIN DE LA PRODUCCIN;350;2011;Colombia;Unidad Producción Educación Virtual Universidad de los Libertadores;0124-3748;
0000222992;Julian Alfonso Tristancho Ortiz;Integración de las TIC como apoyo al desarrollo de habilidades espaciales;;2016;Colombia;Editorial UD Editorial Universidad Distrital Francisco José de Caldas;978-958-8972-58-9;
0000223611;Cesar Leonardo Trujillo Rodríguez;Diseño De Coversores Electrónicos Para Redes De Distribución A Partir De Fuentes No Convencionales;171;2012;Colombia;Publicaciones Universidad Distrital Francisco Jose De Caldas;9789588723594;
0000223611;Cesar Leonardo Trujillo Rodríguez;Diseño E Implementación De Controladores Inteligentes Para Vsc;;2012;España;Editorial Académica Española;978-3-8484-6990-1;
0000223611;Cesar Leonardo Trujillo Rodríguez;Microrredes Electricas;;2015;Colombia;Universidad Distrital;978-958-8897-79-0;
0000223611;Cesar Leonardo Trujillo Rodríguez;Control de Microrredes Eléctricas Inteligentes;;2017;Colombia;Editorial UD Editorial Universidad Distrital Francisco José de Caldas;978-958-5434-31-8;
0000223611;Cesar Leonardo Trujillo Rodríguez;Gestion y ciberseguridad para microrredes eléctricas residenciales;;2020;Colombia;Editorial UD Editorial Universidad Distrital Francisco José de Caldas;978-958-78722-9-3;
0000223611;Cesar Leonardo Trujillo Rodríguez;Gestión y ciberseguridad para microrredes eléctricas residenciales;;2020;Colombia;Editorial UD Editorial Universidad Distrital Francisco José de Caldas;978-958-787-228-6;
0000223611;Cesar Leonardo Trujillo Rodríguez;Cargadores de baterías de mediana y baja capacidad para vehículos eléctricos Consideraciones preliminares de diseño;;2021;Colombia;Editorial UD Editorial Universidad Distrital Francisco José de Caldas;978-958-787-301-6;
0000223611;Cesar Leonardo Trujillo Rodríguez;Control y gestión para microrredes eléctricas basadas en convertidores de potencia;;2022;Colombia;Editorial UD Editorial Universidad Distrital Francisco José de Caldas;978-958-49-5277-6;
0000426377;Adriana Marcela  Vega| Escobar;Conceptos Básicos De Higiene Y Salud Ocupacional;57;2012;Colombia;Editorial Academica Española;978-3-659-05021-3;
0000426377;Adriana Marcela  Vega| Escobar;Factores De Riesgo Eléctrico, Mecánico Y Físico  Químico;80;2013;Colombia;Editorial Academica Española;978-3-659-06669-6;
0000426377;Adriana Marcela  Vega| Escobar;GESTIN DE LA ENERGA EL USUARIO DE ENERGA COMO PARTE ACTIVA DEL SISTEMA;;2020;Colombia;Editorial UD Editorial Universidad Distrital Francisco José de Caldas;978-958-787-234-7;
0001174088;Nelson Enrique Vera Parra;Android BásicoManual Práctico 3 Autores;104;2012;Colombia;Bubok;978-84-686-1295-9;
0001174088;Nelson Enrique Vera Parra;Introducción A Mvc 4;122;2013;Colombia;Bubok;978-84-686-3359-6;
0001174088;Nelson Enrique Vera Parra;Biopython básico Manual práctico;;2014;Colombia;Editorial UD Editorial Universidad Distrital Francisco José de Caldas;978-958-8832-70-8;
0001174088;Nelson Enrique Vera Parra;Entorno de trabajo bioinformático para RNASEQ;;2016;Colombia;Editorial UD Editorial Universidad Distrital Francisco José de Caldas;9789588972152;
0001174088;Nelson Enrique Vera Parra;Biopython básico  Manual práctico;;2014;Colombia;Publicaciones Universidad Distrital Francisco Jose De Caldas;978-958-8832-70-8;
0001174088;Nelson Enrique Vera Parra;OPENCL PRCTICO COMPUTACIN HETEROGNEA PARALELA;;2019;Colombia;Editorial UD Editorial Universidad Distrital Francisco José de Caldas;978-958-78707-8-7;
0001174088;Nelson Enrique Vera Parra;REDES NEURONALES CONVOLUCIONALES USANDO KERAS Y ACELERANDO CON GPU;;2020;Colombia;Editorial UD Editorial Universidad Distrital Francisco José de Caldas;978-958-787-233-0;
0001520054;Erika Sofia Upegui Cardona;Prix ADoc De La Jeune Recherche En FrancheComté, 2012;;2012;Francia;Presses universitaires de FrancheComté;978-2-84867-427-8;
0001520054;Erika Sofia Upegui Cardona;ANLISIS DE IMGENES USANDO LAS TRANSFORMADAS DE FOURIER Y WAVELET;;2019;Colombia;Editorial UD Editorial Universidad Distrital Francisco José de Caldas;9789587870640;
